{
    "metadata": {
        "model": "Net(\n  (conv1): Conv2d(1, 60, kernel_size=(5, 5), stride=(1, 1))\n  (bn1): BatchNorm2d(60, eps=1e-05, momentum=0.1, affine=True, track_running_stats=True)\n  (pool): MaxPool2d(kernel_size=2, stride=2, padding=0, dilation=1, ceil_mode=False)\n  (conv2): Conv2d(60, 160, kernel_size=(5, 5), stride=(1, 1))\n  (bn2): BatchNorm2d(160, eps=1e-05, momentum=0.1, affine=True, track_running_stats=True)\n  (conv3): Conv2d(160, 320, kernel_size=(3, 3), stride=(1, 1))\n  (bn3): BatchNorm2d(320, eps=1e-05, momentum=0.1, affine=True, track_running_stats=True)\n  (fc1): Linear(in_features=8000, out_features=120, bias=True)\n  (dropout1): Dropout(p=0.2, inplace=False)\n  (fc2): Linear(in_features=120, out_features=84, bias=True)\n  (dropout2): Dropout(p=0.3, inplace=False)\n  (fc3): Linear(in_features=84, out_features=10, bias=True)\n)",
        "freq_bins": 64,
        "time_steps": 64,
        "batch_size": 32,
        "optimizer": "Adam",
        "loss_function": "CrossEntropyLoss()",
        "num_epochs": 100
    },
    "data": {
        "1": {
            "loss": 0.9763085317611694,
            "lr": 0.001
        },
        "2": {
            "loss": 0.6751160502433777,
            "lr": 0.001
        },
        "3": {
            "loss": 0.5824876773357391,
            "lr": 0.001
        },
        "4": {
            "loss": 0.547985497713089,
            "lr": 0.001
        },
        "5": {
            "loss": 0.4964680731296539,
            "lr": 0.001
        },
        "6": {
            "loss": 0.48096722722053525,
            "lr": 0.001
        },
        "7": {
            "loss": 0.47712601780891417,
            "lr": 0.001
        },
        "8": {
            "loss": 0.4717362642288208,
            "lr": 0.001
        },
        "9": {
            "loss": 0.4512978625297546,
            "lr": 0.001
        },
        "10": {
            "loss": 0.42195764303207395,
            "lr": 0.001
        },
        "11": {
            "loss": 0.42066325068473814,
            "lr": 0.001
        },
        "12": {
            "loss": 0.4175051176548004,
            "lr": 0.001
        },
        "13": {
            "loss": 0.4004188072681427,
            "lr": 0.001
        },
        "14": {
            "loss": 0.37572922587394714,
            "lr": 0.001
        },
        "15": {
            "loss": 0.36792948365211486,
            "lr": 0.001
        },
        "16": {
            "loss": 0.36454945981502535,
            "lr": 0.001
        },
        "17": {
            "loss": 0.33488292396068575,
            "lr": 0.001
        },
        "18": {
            "loss": 0.3415242314338684,
            "lr": 0.001
        },
        "19": {
            "loss": 0.3212955868244171,
            "lr": 0.001
        },
        "20": {
            "loss": 0.34360175967216494,
            "lr": 0.001
        },
        "21": {
            "loss": 0.3144440990686417,
            "lr": 0.001
        },
        "22": {
            "loss": 0.28809681683778765,
            "lr": 0.001
        },
        "23": {
            "loss": 0.32139504492282867,
            "lr": 0.001
        },
        "24": {
            "loss": 0.29431196451187136,
            "lr": 0.001
        },
        "25": {
            "loss": 0.3117789328098297,
            "lr": 0.001
        },
        "26": {
            "loss": 0.28359477043151854,
            "lr": 0.001
        },
        "27": {
            "loss": 0.2850004929304123,
            "lr": 0.001
        },
        "28": {
            "loss": 0.301636244058609,
            "lr": 0.001
        },
        "29": {
            "loss": 0.2994327229261398,
            "lr": 0.001
        },
        "30": {
            "loss": 0.2862237298488617,
            "lr": 0.001
        },
        "31": {
            "loss": 0.32452716171741486,
            "lr": 0.001
        },
        "32": {
            "loss": 0.30398000836372374,
            "lr": 0.001
        },
        "33": {
            "loss": 0.27049651503562927,
            "lr": 0.001
        },
        "34": {
            "loss": 0.2539121550321579,
            "lr": 0.001
        },
        "35": {
            "loss": 0.2941464614868164,
            "lr": 0.001
        },
        "36": {
            "loss": 0.2888566833734512,
            "lr": 0.001
        },
        "37": {
            "loss": 0.2974394625425339,
            "lr": 0.001
        },
        "38": {
            "loss": 0.2762083739042282,
            "lr": 0.001
        },
        "39": {
            "loss": 0.2630373913049698,
            "lr": 0.001
        },
        "40": {
            "loss": 0.26984944522380827,
            "lr": 0.001
        },
        "41": {
            "loss": 0.26687889218330385,
            "lr": 0.001
        },
        "42": {
            "loss": 0.2756635719537735,
            "lr": 0.001
        },
        "43": {
            "loss": 0.2670153707265854,
            "lr": 0.001
        },
        "44": {
            "loss": 0.28414928376674653,
            "lr": 0.001
        },
        "45": {
            "loss": 0.2816348326206207,
            "lr": 0.001
        },
        "46": {
            "loss": 0.28189521938562395,
            "lr": 0.001
        },
        "47": {
            "loss": 0.2540012848377228,
            "lr": 0.001
        },
        "48": {
            "loss": 0.25944428265094754,
            "lr": 0.001
        },
        "49": {
            "loss": 0.2483065015077591,
            "lr": 0.001
        },
        "50": {
            "loss": 0.23824122548103333,
            "lr": 0.001
        },
        "51": {
            "loss": 0.23765204429626466,
            "lr": 0.001
        },
        "52": {
            "loss": 0.23553771138191223,
            "lr": 0.001
        },
        "53": {
            "loss": 0.23770387709140778,
            "lr": 0.001
        },
        "54": {
            "loss": 0.26379907727241514,
            "lr": 0.001
        },
        "55": {
            "loss": 0.24993111670017243,
            "lr": 0.001
        },
        "56": {
            "loss": 0.2485177105665207,
            "lr": 0.001
        },
        "57": {
            "loss": 0.23341799020767212,
            "lr": 0.001
        },
        "58": {
            "loss": 0.24152489244937897,
            "lr": 0.001
        },
        "59": {
            "loss": 0.2344779959321022,
            "lr": 0.001
        },
        "60": {
            "loss": 0.22210872322320938,
            "lr": 0.001
        },
        "61": {
            "loss": 0.23602177679538727,
            "lr": 0.001
        },
        "62": {
            "loss": 0.23575939267873763,
            "lr": 0.001
        },
        "63": {
            "loss": 0.22881694078445436,
            "lr": 0.001
        },
        "64": {
            "loss": 0.2254769414663315,
            "lr": 0.001
        },
        "65": {
            "loss": 0.2333697135746479,
            "lr": 0.001
        },
        "66": {
            "loss": 0.22457829773426055,
            "lr": 0.001
        },
        "67": {
            "loss": 0.22029246181249618,
            "lr": 0.001
        },
        "68": {
            "loss": 0.23152845293283464,
            "lr": 0.001
        },
        "69": {
            "loss": 0.2526715385913849,
            "lr": 0.001
        },
        "70": {
            "loss": 0.23167623698711395,
            "lr": 0.001
        },
        "71": {
            "loss": 0.21900809586048126,
            "lr": 0.001
        },
        "72": {
            "loss": 0.2066776543855667,
            "lr": 0.001
        },
        "73": {
            "loss": 0.20945825487375258,
            "lr": 0.001
        },
        "74": {
            "loss": 0.21388586342334748,
            "lr": 0.001
        },
        "75": {
            "loss": 0.25161838114261625,
            "lr": 0.001
        },
        "76": {
            "loss": 0.218717605471611,