{
    "metadata": {
        "model": "Net(\n  (conv1): Conv2d(1, 60, kernel_size=(5, 5), stride=(1, 1))\n  (bn1): BatchNorm2d(60, eps=1e-05, momentum=0.1, affine=True, track_running_stats=True)\n  (pool): MaxPool2d(kernel_size=2, stride=2, padding=0, dilation=1, ceil_mode=False)\n  (conv2): Conv2d(60, 160, kernel_size=(5, 5), stride=(1, 1))\n  (bn2): BatchNorm2d(160, eps=1e-05, momentum=0.1, affine=True, track_running_stats=True)\n  (conv3): Conv2d(160, 320, kernel_size=(3, 3), stride=(1, 1))\n  (bn3): BatchNorm2d(320, eps=1e-05, momentum=0.1, affine=True, track_running_stats=True)\n  (fc1): Linear(in_features=8000, out_features=120, bias=True)\n  (dropout1): Dropout(p=0.2, inplace=False)\n  (fc2): Linear(in_features=120, out_features=84, bias=True)\n  (dropout2): Dropout(p=0.3, inplace=False)\n  (fc3): Linear(in_features=84, out_features=10, bias=True)\n)",
        "freq_bins": 64,
        "time_steps": 64,
        "batch_size": 32,
        "train_set_size": 1560,
        "optimizer": "Adam",
        "loss_function": "CrossEntropyLoss()",
        "num_epochs": 20
    },
    "data": {
        "1": {
            "loss": 0.9430111813545227,
            "lr": 0.001
        },
        "2": {
            "loss": 0.5978047585487366,
            "lr": 0.001
        },
        "3": {
            "loss": 0.5506880986690521,
            "lr": 0.001
        },
        "4": {
            "loss": 0.5201182305812836,
            "lr": 0.001
        },
        "5": {
            "loss": 0.4880069661140442,
            "lr": 0.001
        },
        "6": {
            "loss": 0.47924726843833926,
            "lr": 0.001
        },
        "7": {
            "loss": 0.4554750418663025,
            "lr": 0.001
        },
        "8": {
            "loss": 0.44413348436355593,
            "lr": 0.001
        },
        "9": {
            "loss": 0.44319382309913635,
            "lr": 0.001
        },
        "10": {
            "loss": 0.42364679217338563,
            "lr": 0.001
        },
        "11": {
            "loss": 0.4287014997005463,
            "lr": 0.001
        },
        "12": {
            "loss": 0.387842493057251,
            "lr": 0.001
        },
        "13": {
            "loss": 0.38845436215400697,
            "lr": 0.001
        },
        "14": {
            "loss": 0.3614704376459122,
            "lr": 0.001
        },
        "15": {
            "loss": 0.3563591903448105,
            "lr": 0.001
        },
        "16": {
            "loss": 0.37357375025749207,
            "lr": 0.001
        },
        "17": {
            "loss": 0.33157913327217103,
            "lr": 0.001
        },
        "18": {
            "loss": 0.35212690353393555,
            "lr": 0.001
        },
        "19": {
            "loss": 0.3263858199119568,
            "lr": 0.001
        },
        "20": {
            "loss": 0.31540309369564057,
            "lr": 0.001
        }
    }
}