{
    "metadata": {
        "model": "Net(\n  (conv1): Conv2d(1, 60, kernel_size=(5, 5), stride=(1, 1))\n  (bn1): BatchNorm2d(60, eps=1e-05, momentum=0.1, affine=True, track_running_stats=True)\n  (pool): MaxPool2d(kernel_size=2, stride=2, padding=0, dilation=1, ceil_mode=False)\n  (conv2): Conv2d(60, 160, kernel_size=(5, 5), stride=(1, 1))\n  (bn2): BatchNorm2d(160, eps=1e-05, momentum=0.1, affine=True, track_running_stats=True)\n  (conv3): Conv2d(160, 320, kernel_size=(3, 3), stride=(1, 1))\n  (bn3): BatchNorm2d(320, eps=1e-05, momentum=0.1, affine=True, track_running_stats=True)\n  (fc1): Linear(in_features=8000, out_features=120, bias=True)\n  (dropout1): Dropout(p=0.2, inplace=False)\n  (fc2): Linear(in_features=120, out_features=84, bias=True)\n  (dropout2): Dropout(p=0.3, inplace=False)\n  (fc3): Linear(in_features=84, out_features=10, bias=True)\n)",
        "freq_bins": 64,
        "time_steps": 64,
        "batch_size": 32,
        "optimizer": "SGD",
        "loss_function": "CrossEntropyLoss()",
        "num_epochs": 30
    },
    "data": {
        "1": {
            "loss": 2.1283921575546265,
            "lr": 0.0001
        },
        "2": {
            "loss": 1.7114825820922852,
            "lr": 0.0001
        },
        "3": {
            "loss": 1.3130215835571288,
            "lr": 0.0001
        },
        "4": {
            "loss": 1.0348196125030518,
            "lr": 0.0001
        },
        "5": {
            "loss": 0.9109426283836365,
            "lr": 0.0001
        },
        "6": {
            "loss": 0.8618947529792785,
            "lr": 0.0001
        },
        "7": {
            "loss": 0.8131945943832397,
            "lr": 0.0001
        },
        "8": {
            "loss": 0.7931544399261474,
            "lr": 0.0001
        },
        "9": {
            "loss": 0.7733571314811707,
            "lr": 0.0001
        },
        "10": {
            "loss": 0.7773764538764953,
            "lr": 0.0001
        },
        "11": {
            "loss": 0.7518688344955444,
            "lr": 0.0001
        },
        "12": {
            "loss": 0.7356273674964905,
            "lr": 0.0001
        },
        "13": {
            "loss": 0.730177013874054,
            "lr": 0.0001
        },
        "14": {
            "loss": 0.726043975353241,
            "lr": 0.0001
        },
        "15": {
            "loss": 0.7179899001121521,
            "lr": 0.0001
        },
        "16": {
            "loss": 0.7217479085922242,
            "lr": 0.0001
        },
        "17": {
            "loss": 0.6989965629577637,
            "lr": 0.0001
        },
        "18": {
            "loss": 0.6958310604095459,
            "lr": 0.0001
        },
        "19": {
            "loss": 0.6890917706489563,
            "lr": 0.0001
        },
        "20": {
            "loss": 0.6702548956871033,
            "lr": 0.0001
        },
        "21": {
            "loss": 0.6799084925651551,
            "lr": 0.0001
        },
        "22": {
            "loss": 0.6551259970664978,
            "lr": 0.0001
        },
        "23": {
            "loss": 0.6598024988174438,
            "lr": 0.0001
        },
        "24": {
            "loss": 0.6479608941078187,
            "lr": 0.0001
        },
        "25": {
            "loss": 0.6458406281471253,
            "lr": 0.0001
        },
        "26": {
            "loss": 0.6433938360214233,
            "lr": 0.0001
        },
        "27": {
            "loss": 0.6297639369964599,
            "lr": 0.0001
        },
        "28": {
            "loss": 0.6377083349227906,
            "lr": 0.0001
        },
        "29": {
            "loss": 0.6139914965629578,
            "lr": 0.0001
        },
        "30": {
            "loss": 0.6169095396995544,
            "lr": 0.0001
        }
    }
}