{
    "metadata": {
        "model": "Net(\n  (conv1): Conv2d(1, 60, kernel_size=(5, 5), stride=(1, 1))\n  (bn1): BatchNorm2d(60, eps=1e-05, momentum=0.1, affine=True, track_running_stats=True)\n  (pool): MaxPool2d(kernel_size=2, stride=2, padding=0, dilation=1, ceil_mode=False)\n  (conv2): Conv2d(60, 160, kernel_size=(5, 5), stride=(1, 1))\n  (bn2): BatchNorm2d(160, eps=1e-05, momentum=0.1, affine=True, track_running_stats=True)\n  (conv3): Conv2d(160, 320, kernel_size=(3, 3), stride=(1, 1))\n  (bn3): BatchNorm2d(320, eps=1e-05, momentum=0.1, affine=True, track_running_stats=True)\n  (fc1): Linear(in_features=8000, out_features=120, bias=True)\n  (dropout1): Dropout(p=0.2, inplace=False)\n  (fc2): Linear(in_features=120, out_features=84, bias=True)\n  (dropout2): Dropout(p=0.3, inplace=False)\n  (fc3): Linear(in_features=84, out_features=10, bias=True)\n)",
        "freq_bins": 64,
        "time_steps": 64,
        "batch_size": 32,
        "train_set_size": 1560,
        "optimizer": "Adam",
        "loss_function": "CrossEntropyLoss()",
        "num_epochs": 30
    },
    "data": {
        "1": {
            "loss": 2.054948539733887,
            "lr": 1e-05
        },
        "2": {
            "loss": 1.521195740699768,
            "lr": 1e-05
        },
        "3": {
            "loss": 1.2067207717895507,
            "lr": 1e-05
        },
        "4": {
            "loss": 1.025803542137146,
            "lr": 1e-05
        },
        "5": {
            "loss": 0.91900155544281,
            "lr": 1e-05
        },
        "6": {
            "loss": 0.8657609105110169,
            "lr": 1e-05
        },
        "7": {
            "loss": 0.8395536780357361,
            "lr": 1e-05
        },
        "8": {
            "loss": 0.7914391779899597,
            "lr": 1e-05
        },
        "9": {
            "loss": 0.7714938378334045,
            "lr": 1e-05
        },
        "10": {
            "loss": 0.7299226999282837,
            "lr": 1e-05
        },
        "11": {
            "loss": 0.7251673889160156,
            "lr": 1e-05
        },
        "12": {
            "loss": 0.6748473262786865,
            "lr": 1e-05
        },
        "13": {
            "loss": 0.6425994336605072,
            "lr": 1e-05
        },
        "14": {
            "loss": 0.6376018071174622,
            "lr": 1e-05
        },
        "15": {
            "loss": 0.6328585481643677,
            "lr": 1e-05
        },
        "16": {
            "loss": 0.6365537858009338,
            "lr": 1e-05
        },
        "17": {
            "loss": 0.6191576039791107,
            "lr": 1e-05
        },
        "18": {
            "loss": 0.6169743633270264,
            "lr": 1e-05
        },
        "19": {
            "loss": 0.6153839981555939,
            "lr": 1e-05
        },
        "20": {
            "loss": 0.5875974881649018,
            "lr": 1e-05
        },
        "21": {
            "loss": 0.587209358215332,
            "lr": 1e-05
        },
        "22": {
            "loss": 0.5807171547412873,
            "lr": 1e-05
        },
        "23": {
            "loss": 0.5926406741142273,
            "lr": 1e-05
        },
        "24": {
            "loss": 0.5783832705020905,
            "lr": 1e-05
        },
        "25": {
            "loss": 0.5432297134399414,
            "lr": 1e-05
        },
        "26": {
            "loss": 0.5899338507652283,
            "lr": 1e-05
        },
        "27": {
            "loss": 0.5733722603321075,
            "lr": 1e-05
        },
        "28": {
            "loss": 0.5693384671211242,
            "lr": 1e-05
        },
        "29": {
            "loss": 0.5699669575691223,
            "lr": 1e-05
        },
        "30": {
            "loss": 0.5345323038101196,
            "lr": 1e-05
        }
    }
}