{
    "metadata": {
        "model": "Net(\n  (conv1): Conv2d(1, 60, kernel_size=(5, 5), stride=(1, 1))\n  (bn1): BatchNorm2d(60, eps=1e-05, momentum=0.1, affine=True, track_running_stats=True)\n  (pool): MaxPool2d(kernel_size=2, stride=2, padding=0, dilation=1, ceil_mode=False)\n  (conv2): Conv2d(60, 160, kernel_size=(5, 5), stride=(1, 1))\n  (bn2): BatchNorm2d(160, eps=1e-05, momentum=0.1, affine=True, track_running_stats=True)\n  (conv3): Conv2d(160, 320, kernel_size=(3, 3), stride=(1, 1))\n  (bn3): BatchNorm2d(320, eps=1e-05, momentum=0.1, affine=True, track_running_stats=True)\n  (fc1): Linear(in_features=8000, out_features=120, bias=True)\n  (dropout1): Dropout(p=0.2, inplace=False)\n  (fc2): Linear(in_features=120, out_features=84, bias=True)\n  (dropout2): Dropout(p=0.3, inplace=False)\n  (fc3): Linear(in_features=84, out_features=10, bias=True)\n)",
        "freq_bins": 64,
        "time_steps": 64,
        "batch_size": 32,
        "train_set_size": 1560,
        "optimizer": "Adam",
        "loss_function": "CrossEntropyLoss()",
        "num_epochs": 20
    },
    "data": {
        "1": {
            "loss": 0.896939730644226,
            "lr": 0.001
        },
        "2": {
            "loss": 0.5937905287742615,
            "lr": 0.001
        },
        "3": {
            "loss": 0.5252794194221496,
            "lr": 0.001
        },
        "4": {
            "loss": 0.5186730301380158,
            "lr": 0.001
        },
        "5": {
            "loss": 0.5097991120815277,
            "lr": 0.001
        },
        "6": {
            "loss": 0.4948923659324646,
            "lr": 0.001
        },
        "7": {
            "loss": 0.48756144523620604,
            "lr": 0.001
        },
        "8": {
            "loss": 0.4766725957393646,
            "lr": 0.001
        },
        "9": {
            "loss": 0.46339035630226133,
            "lr": 0.001
        },
        "10": {
            "loss": 0.44438059329986573,
            "lr": 0.001
        },
        "11": {
            "loss": 0.419659184217453,
            "lr": 0.001
        },
        "12": {
            "loss": 0.3954357469081879,
            "lr": 0.001
        },
        "13": {
            "loss": 0.38394137144088747,
            "lr": 0.001
        },
        "14": {
            "loss": 0.3777424132823944,
            "lr": 0.001
        },
        "15": {
            "loss": 0.41748770356178283,
            "lr": 0.001
        },
        "16": {
            "loss": 0.3653633785247803,
            "lr": 0.001
        },
        "17": {
            "loss": 0.3654344809055328,
            "lr": 0.001
        },
        "18": {
            "loss": 0.36275184631347657,
            "lr": 0.001
        },
        "19": {
            "loss": 0.33235723078250884,
            "lr": 0.001
        },
        "20": {
            "loss": 0.3323929762840271,
            "lr": 0.001
        }
    }
}