{
    "metadata": {
        "model": "Net(\n  (conv1): Conv2d(1, 60, kernel_size=(5, 5), stride=(1, 1))\n  (bn1): BatchNorm2d(60, eps=1e-05, momentum=0.1, affine=True, track_running_stats=True)\n  (pool): MaxPool2d(kernel_size=2, stride=2, padding=0, dilation=1, ceil_mode=False)\n  (conv2): Conv2d(60, 160, kernel_size=(5, 5), stride=(1, 1))\n  (bn2): BatchNorm2d(160, eps=1e-05, momentum=0.1, affine=True, track_running_stats=True)\n  (conv3): Conv2d(160, 320, kernel_size=(3, 3), stride=(1, 1))\n  (bn3): BatchNorm2d(320, eps=1e-05, momentum=0.1, affine=True, track_running_stats=True)\n  (fc1): Linear(in_features=8000, out_features=120, bias=True)\n  (dropout1): Dropout(p=0.2, inplace=False)\n  (fc2): Linear(in_features=120, out_features=84, bias=True)\n  (dropout2): Dropout(p=0.3, inplace=False)\n  (fc3): Linear(in_features=84, out_features=10, bias=True)\n)",
        "freq_bins": 64,
        "time_steps": 64,
        "batch_size": 32,
        "train_set_size": 1560,
        "optimizer": "Adam",
        "loss_function": "CrossEntropyLoss()",
        "num_epochs": 20
    },
    "data": {
        "1": {
            "loss": 0.9954200673103333,
            "lr": 0.001
        },
        "2": {
            "loss": 0.6257289814949035,
            "lr": 0.001
        },
        "3": {
            "loss": 0.5760458064079285,
            "lr": 0.001
        },
        "4": {
            "loss": 0.5203355610370636,
            "lr": 0.001
        },
        "5": {
            "loss": 0.511452100276947,
            "lr": 0.001
        },
        "6": {
            "loss": 0.49805869460105895,
            "lr": 0.001
        },
        "7": {
            "loss": 0.4722601819038391,
            "lr": 0.001
        },
        "8": {
            "loss": 0.4724470901489258,
            "lr": 0.001
        },
        "9": {
            "loss": 0.4396301579475403,
            "lr": 0.001
        },
        "10": {
            "loss": 0.4620524072647095,
            "lr": 0.001
        },
        "11": {
            "loss": 0.4283575487136841,
            "lr": 0.001
        },
        "12": {
            "loss": 0.41578263998031617,
            "lr": 0.001
        },
        "13": {
            "loss": 0.41122616529464723,
            "lr": 0.001
        },
        "14": {
            "loss": 0.39436125159263613,
            "lr": 0.001
        },
        "15": {
            "loss": 0.3860975468158722,
            "lr": 0.001
        },
        "16": {
            "loss": 0.397197282910347,
            "lr": 0.001
        },
        "17": {
            "loss": 0.36843690276145935,
            "lr": 0.001
        },
        "18": {
            "loss": 0.3669305896759033,
            "lr": 0.001
        },
        "19": {
            "loss": 0.33657309532165525,
            "lr": 0.001
        },
        "20": {
            "loss": 0.3554220676422119,
            "lr": 0.001
        }
    }
}