{
    "metadata": {
        "model": "Net(\n  (conv1): Conv2d(1, 60, kernel_size=(5, 5), stride=(1, 1))\n  (bn1): BatchNorm2d(60, eps=1e-05, momentum=0.1, affine=True, track_running_stats=True)\n  (pool): MaxPool2d(kernel_size=2, stride=2, padding=0, dilation=1, ceil_mode=False)\n  (conv2): Conv2d(60, 160, kernel_size=(5, 5), stride=(1, 1))\n  (bn2): BatchNorm2d(160, eps=1e-05, momentum=0.1, affine=True, track_running_stats=True)\n  (conv3): Conv2d(160, 320, kernel_size=(3, 3), stride=(1, 1))\n  (bn3): BatchNorm2d(320, eps=1e-05, momentum=0.1, affine=True, track_running_stats=True)\n  (fc1): Linear(in_features=8000, out_features=120, bias=True)\n  (dropout1): Dropout(p=0.2, inplace=False)\n  (fc2): Linear(in_features=120, out_features=84, bias=True)\n  (dropout2): Dropout(p=0.3, inplace=False)\n  (fc3): Linear(in_features=84, out_features=10, bias=True)\n)",
        "freq_bins": 64,
        "time_steps": 64,
        "batch_size": 70,
        "optimizer": "Adam",
        "loss_function": "CrossEntropyLoss()",
        "num_epochs": 60
    },
    "data": {
        "1": {
            "train_loss": 0.8795396781736805,
            "val_loss": 0.6604228950383371,
            "lr": 0.001
        },
        "2": {
            "train_loss": 0.5968659577831146,
            "val_loss": 0.7461102568266684,
            "lr": 0.001
        },
        "3": {
            "train_loss": 0.489065061653814,
            "val_loss": 0.601153725594805,
            "lr": 0.001
        },
        "4": {
            "train_loss": 0.45399072718235756,
            "val_loss": 0.5343615002276605,
            "lr": 0.001
        },
        "5": {
            "train_loss": 0.4330631124396478,
            "val_loss": 0.5941821250476336,
            "lr": 0.001
        },
        "6": {
            "train_loss": 0.3999727704832631,
            "val_loss": 0.482914988147585,
            "lr": 0.001
        },
        "7": {
            "train_loss": 0.37850995986692365,
            "val_loss": 0.4299924833732739,
            "lr": 0.001
        },
        "8": {
            "train_loss": 0.354554575056799,
            "val_loss": 0.3744779869652631,
            "lr": 0.001
        },
        "9": {
            "train_loss": 0.33963460955888997,
            "val_loss": 0.3257559409136312,
            "lr": 0.001
        },
        "10": {
            "train_loss": 0.3037376088961478,
            "val_loss": 0.5274827476394804,
            "lr": 0.001
        },
        "11": {
            "train_loss": 0.3237744966341603,
            "val_loss": 0.38198826383603246,
            "lr": 0.001
        },
        "12": {
            "train_loss": 0.2857633574355033,
            "val_loss": 0.35108016895359023,
            "lr": 0.001
        },
        "13": {
            "train_loss": 0.2812437842930517,
            "val_loss": 0.5925834533807478,
            "lr": 0.001
        },
        "14": {
            "train_loss": 0.2765480731764147,
            "val_loss": 0.2667316375790458,
            "lr": 0.001
        },
        "15": {
            "train_loss": 0.2682559555096011,
            "val_loss": 0.30553777738098514,
            "lr": 0.001
        },
        "16": {
            "train_loss": 0.25974526568766565,
            "val_loss": 0.3159917709009166,
            "lr": 0.001
        },
        "17": {
            "train_loss": 0.2618144226651038,
            "val_loss": 0.37312015498939316,
            "lr": 0.001
        },
        "18": {
            "train_loss": 0.24559191710525943,
            "val_loss": 0.2891462686422624,
            "lr": 0.001
        },
        "19": {
            "train_loss": 0.2468160674456627,
            "val_loss": 0.30279621001529067,
            "lr": 0.001
        },
        "20": {
            "train_loss": 0.24156593939950388,
            "val_loss": 0.30825851102800744,
            "lr": 0.001
        },
        "21": {
            "train_loss": 0.2533880712524537,
            "val_loss": 0.3101046555920651,
            "lr": 0.001
        },
        "22": {
            "train_loss": 0.24104273367312648,
            "val_loss": 0.2992030332485835,
            "lr": 0.001
        },
        "23": {
            "train_loss": 0.24081053945326036,
            "val_loss": 0.28238807043485475,
            "lr": 0.001
        },
        "24": {
            "train_loss": 0.23021918511198414,
            "val_loss": 0.324870436795448,
            "lr": 0.001
        },
        "25": {
            "train_loss": 0.22480637688309915,
            "val_loss": 0.31385012990549993,
            "lr": 0.001
        },
        "26": {
            "train_loss": 0.22379574287802942,
            "val_loss": 0.3048167078379999,
            "lr": 0.001
        },
        "27": {
            "train_loss": 0.22861009019036446,
            "val_loss": 0.24153535744469418,
            "lr": 0.001
        },
        "28": {
            "train_loss": 0.21729961650506144,
            "val_loss": 0.26229015443670123,
            "lr": 0.001
        },
        "29": {
            "train_loss": 0.22012830177141773,
            "val_loss": 0.4549041652884498,
            "lr": 0.001
        },
        "30": {
            "train_loss": 0.2215269366579671,
            "val_loss": 0.24390227788765179,
            "lr": 0.001
        },
        "31": {
            "train_loss": 0.20966746477830794,
            "val_loss": 0.21582369764515183,
            "lr": 0.001
        },
        "32": {
            "train_loss": 0.22744431322620762,
            "val_loss": 0.26775067479333337,
            "lr": 0.001
        },
        "33": {
            "train_loss": 0.21465196304263606,
            "val_loss": 0.2760294161475541,
            "lr": 0.001
        },
        "34": {
            "train_loss": 0.21045367203412518,
            "val_loss": 0.29689186463426603,
            "lr": 0.001
        },
        "35": {
            "train_loss": 0.21009283116267574,
            "val_loss": 0.269197906663625,
            "lr": 0.001
        },
        "36": {
            "train_loss": 0.20326008515492563,
            "val_loss": 0.28726698994113686,
            "lr": 0.001
        },
        "37": {
            "train_loss": 0.19935375331870972,
            "val_loss": 0.2543882507945231,
            "lr": 0.001
        },
        "38": {
            "train_loss": 0.20188953631347226,
            "val_loss": 0.256238783366586,
            "lr": 0.001
        },
        "39": {
            "train_loss": 0.21047815920845156,
            "val_loss": 0.26403126117299525,
            "lr": 0.001
        },
        "40": {
            "train_loss": 0.2033774059626364,
            "val_loss": 0.24958917374412218,
            "lr": 0.001
        },
        "41": {
            "train_loss": 0.2056648363509486,
            "val_loss": 0.23674698474637249,
            "lr": 0.001
        },
        "42": {
            "train_loss": 0.20073441367956898,
            "val_loss": 0.2209397695770716,
            "lr": 0.001
        },
        "43": {
            "train_loss": 0.19939553401162546,
            "val_loss": 0.24038188025894525,
            "lr": 0.001
        },
        "44": {
            "train_loss": 0.19626289101377611,
            "val_loss": 0.23113951720950895,
            "lr": 0.001
        },
        "45": {
            "train_loss": 0.19450466334819794,
            "val_loss": 0.22600950106259501,
            "lr": 0.001
        },
        "46": {
            "train_loss": 0.21032300831810122,
            "val_loss": 0.2321808465609425,
            "lr": 0.001
        },
        "47": {
            "train_loss": 0.19332760596467602,
            "val_loss": 0.24264691711256378,
            "lr": 0.001
        },
        "48": {
            "train_loss": 0.19224767543135152,
            "val_loss": 0.2424222265549919,
            "lr": 0.001
        },
        "49": {
            "train_loss": 0.19944494337804855,
            "val_loss": 0.3356701100935441,