{
    "metadata": {
        "model": "Net(\n  (conv1): Conv2d(1, 60, kernel_size=(5, 5), stride=(1, 1))\n  (bn1): BatchNorm2d(60, eps=1e-05, momentum=0.1, affine=True, track_running_stats=True)\n  (pool): MaxPool2d(kernel_size=2, stride=2, padding=0, dilation=1, ceil_mode=False)\n  (conv2): Conv2d(60, 160, kernel_size=(5, 5), stride=(1, 1))\n  (bn2): BatchNorm2d(160, eps=1e-05, momentum=0.1, affine=True, track_running_stats=True)\n  (conv3): Conv2d(160, 320, kernel_size=(3, 3), stride=(1, 1))\n  (bn3): BatchNorm2d(320, eps=1e-05, momentum=0.1, affine=True, track_running_stats=True)\n  (fc1): Linear(in_features=8000, out_features=120, bias=True)\n  (dropout1): Dropout(p=0.2, inplace=False)\n  (fc2): Linear(in_features=120, out_features=84, bias=True)\n  (dropout2): Dropout(p=0.3, inplace=False)\n  (fc3): Linear(in_features=84, out_features=10, bias=True)\n)",
        "freq_bins": 64,
        "time_steps": 64,
        "batch_size": 70,
        "optimizer": "Adam",
        "loss_function": "CrossEntropyLoss()",
        "num_epochs": 60
    },
    "data": {
        "1": {
            "train_loss": 0.7302860944501816,
            "val_loss": 0.610764763857189,
            "lr": 0.001
        },
        "2": {
            "train_loss": 0.4859780529814382,
            "val_loss": 0.5879944196918554,
            "lr": 0.001
        },
        "3": {
            "train_loss": 0.45959998090421,
            "val_loss": 0.6161093740609654,
            "lr": 0.001
        },
        "4": {
            "train_loss": 0.43269571902290466,
            "val_loss": 0.46710212306495297,
            "lr": 0.001
        },
        "5": {
            "train_loss": 0.3923612431653084,
            "val_loss": 0.43921361693687605,
            "lr": 0.001
        },
        "6": {
            "train_loss": 0.3590900210603591,
            "val_loss": 0.444814526459627,
            "lr": 0.001
        },
        "7": {
            "train_loss": 0.3378206320828007,
            "val_loss": 0.3956877955219202,
            "lr": 0.001
        },
        "8": {
            "train_loss": 0.3162627933967498,
            "val_loss": 0.33410685855829925,
            "lr": 0.001
        },
        "9": {
            "train_loss": 0.3194871352564904,
            "val_loss": 0.41972988889667023,
            "lr": 0.001
        },
        "10": {
            "train_loss": 0.2930228967339762,
            "val_loss": 0.35767756268512785,
            "lr": 0.001
        },
        "11": {
            "train_loss": 0.3022046538610612,
            "val_loss": 0.31918893022495404,
            "lr": 0.001
        },
        "12": {
            "train_loss": 0.28004740995745503,
            "val_loss": 0.30589234103497703,
            "lr": 0.001
        },
        "13": {
            "train_loss": 0.2662937061921243,
            "val_loss": 0.3060661807264152,
            "lr": 0.001
        },
        "14": {
            "train_loss": 0.25830838276493934,
            "val_loss": 0.3001230954470342,
            "lr": 0.001
        },
        "15": {
            "train_loss": 0.26143954357793253,
            "val_loss": 0.2965906306186266,
            "lr": 0.001
        },
        "16": {
            "train_loss": 0.255710250427646,
            "val_loss": 0.27638518258014266,
            "lr": 0.001
        },
        "17": {
            "train_loss": 0.24508385468394525,
            "val_loss": 0.30194714315758464,
            "lr": 0.001
        },
        "18": {
            "train_loss": 0.2490395317154546,
            "val_loss": 0.25061047185016305,
            "lr": 0.001
        },
        "19": {
            "train_loss": 0.23625613364481157,
            "val_loss": 0.2714955471456051,
            "lr": 0.001
        },
        "20": {
            "train_loss": 0.24105905813555564,
            "val_loss": 0.3087026463788852,
            "lr": 0.001
        },
        "21": {
            "train_loss": 0.24741426927428092,
            "val_loss": 0.27750256873275103,
            "lr": 0.001
        },
        "22": {
            "train_loss": 0.23692441503367118,
            "val_loss": 0.2760206582514863,
            "lr": 0.001
        },
        "23": {
            "train_loss": 0.2329631971736108,
            "val_loss": 0.28755344757646845,
            "lr": 0.001
        },
        "24": {
            "train_loss": 0.2269796486343107,
            "val_loss": 0.29360921416235597,
            "lr": 0.001
        },
        "25": {
            "train_loss": 0.22170606267548376,
            "val_loss": 0.32257615738924134,
            "lr": 0.001
        },
        "26": {
            "train_loss": 0.22452989256670397,
            "val_loss": 0.4351727069282022,
            "lr": 0.001
        },
        "27": {
            "train_loss": 0.2312273168035092,
            "val_loss": 0.2992827003462273,
            "lr": 0.001
        },
        "28": {
            "train_loss": 0.21946731678420497,
            "val_loss": 0.25592432242997903,
            "lr": 0.001
        },
        "29": {
            "train_loss": 0.21461469067200536,
            "val_loss": 0.24102331129343887,
            "lr": 0.001
        },
        "30": {
            "train_loss": 0.2098716315963576,
            "val_loss": 0.24330664795349566,
            "lr": 0.001
        },
        "31": {
            "train_loss": 0.2116064477351404,
            "val_loss": 0.206410798914077,
            "lr": 0.001
        },
        "32": {
            "train_loss": 0.20604383212424093,
            "val_loss": 0.25781763246969175,
            "lr": 0.001
        },
        "33": {
            "train_loss": 0.20160968469515925,
            "val_loss": 0.24887464081116936,
            "lr": 0.001
        },
        "34": {
            "train_loss": 0.2223905000475145,
            "val_loss": 0.27418108245259837,
            "lr": 0.001
        },
        "35": {
            "train_loss": 0.20580757193027005,
            "val_loss": 0.22715641371497328,
            "lr": 0.001
        },
        "36": {
            "train_loss": 0.20099562430574047,
            "val_loss": 0.282754635154433,
            "lr": 0.001
        },
        "37": {
            "train_loss": 0.20346393352074008,
            "val_loss": 0.2976651572083172,
            "lr": 0.001
        },
        "38": {
            "train_loss": 0.1915901371788594,
            "val_loss": 0.27521017402933357,
            "lr": 0.001
        },
        "39": {
            "train_loss": 0.2123736117876345,
            "val_loss": 0.245503180974833,
            "lr": 0.001
        },
        "40": {
            "train_loss": 0.19851020327018154,
            "val_loss": 0.2605042040282697,
            "lr": 0.001
        },
        "41": {
            "train_loss": 0.2004187401504286,
            "val_loss": 0.2992754811318918,
            "lr": 0.001
        },
        "42": {
            "train_loss": 0.19547000815791468,
            "val_loss": 0.2705893005456841,
            "lr": 0.001
        },
        "43": {
            "train_loss": 0.2051611068628488,
            "val_loss": 0.20311159631564168,
            "lr": 0.001
        },
        "44": {
            "train_loss": 0.18494178835422762,
            "val_loss": 0.22774419413977548,
            "lr": 0.001
        },
        "45": {
            "train_loss": 0.18468500012832303,
            "val_loss": 0.23371611036392942,
            "lr": 0.001
        },
        "46": {
            "train_loss": 0.20249766255578688,
            "val_loss": 0.27885739836972534,
            "lr": 0.001
        },
        "47": {
            "train_loss": 0.19660807989778056,
            "val_loss": 0.254706691100932,
            "lr": 0.001
        },
        "48": {
            "train_loss": 0.19210007762716663,
            "val_loss": 0.24760055572015086,
            "lr": 0.001
        },
        "49": {
            "train_loss": 0.2029745688121165,
            "val_loss": 0.2468107114954476,