{
    "metadata": {
        "model": "Net(\n  (conv1): Conv2d(1, 60, kernel_size=(5, 5), stride=(1, 1))\n  (bn1): BatchNorm2d(60, eps=1e-05, momentum=0.1, affine=True, track_running_stats=True)\n  (pool): MaxPool2d(kernel_size=2, stride=2, padding=0, dilation=1, ceil_mode=False)\n  (conv2): Conv2d(60, 160, kernel_size=(5, 5), stride=(1, 1))\n  (bn2): BatchNorm2d(160, eps=1e-05, momentum=0.1, affine=True, track_running_stats=True)\n  (conv3): Conv2d(160, 320, kernel_size=(3, 3), stride=(1, 1))\n  (bn3): BatchNorm2d(320, eps=1e-05, momentum=0.1, affine=True, track_running_stats=True)\n  (fc1): Linear(in_features=8000, out_features=120, bias=True)\n  (dropout1): Dropout(p=0.2, inplace=False)\n  (fc2): Linear(in_features=120, out_features=84, bias=True)\n  (dropout2): Dropout(p=0.3, inplace=False)\n  (fc3): Linear(in_features=84, out_features=10, bias=True)\n)",
        "freq_bins": 64,
        "time_steps": 64,
        "batch_size": 70,
        "optimizer": "SGD",
        "loss_function": "CrossEntropyLoss()",
        "num_epochs": 60
    },
    "data": {
        "1": {
            "train_loss": 1.702813986809023,
            "val_loss": 0.6252088557209885,
            "lr": 0.1
        },
        "2": {
            "train_loss": 0.7051391572721543,
            "val_loss": 0.709888618243368,
            "lr": 0.1
        },
        "3": {
            "train_loss": 0.7106502507963488,
            "val_loss": 0.7474491575308013,
            "lr": 0.1
        },
        "4": {
            "train_loss": 0.7002152983219393,
            "val_loss": 0.6353085030589187,
            "lr": 0.1
        },
        "5": {
            "train_loss": 0.7031831702878398,
            "val_loss": 0.6972822327362863,
            "lr": 0.1
        },
        "6": {
            "train_loss": 0.7058640651164516,
            "val_loss": 0.7116780155583432,
            "lr": 0.1
        },
        "7": {
            "train_loss": 0.702362754652577,
            "val_loss": 0.7101202032022309,
            "lr": 0.1
        },
        "8": {
            "train_loss": 0.7002079602210752,
            "val_loss": 0.6718984465850028,
            "lr": 0.1
        },
        "9": {
            "train_loss": 0.6980573448442644,
            "val_loss": 0.661675492922465,
            "lr": 0.1
        },
        "10": {
            "train_loss": 0.7019625104242756,
            "val_loss": 0.6881668609485292,
            "lr": 0.1
        },
        "11": {
            "train_loss": 0.6969412844027242,
            "val_loss": 0.6757129315744367,
            "lr": 0.1
        },
        "12": {
            "train_loss": 0.6995760558112976,
            "val_loss": 0.6669135836132786,
            "lr": 0.1
        },
        "13": {
            "train_loss": 0.6978853027666768,
            "val_loss": 0.6480905235859385,
            "lr": 0.1
        },
        "14": {
            "train_loss": 0.6966114169166934,
            "val_loss": 0.665608052621808,
            "lr": 0.1
        },
        "15": {
            "train_loss": 0.7007194122960491,
            "val_loss": 0.6522797408856844,
            "lr": 0.1
        },
        "16": {
            "train_loss": 0.6994734137288986,
            "val_loss": 0.6784232917584871,
            "lr": 0.1
        },
        "17": {
            "train_loss": 0.6967173362931898,
            "val_loss": 0.6733982834899634,
            "lr": 0.1
        },
        "18": {
            "train_loss": 0.6958155391677734,
            "val_loss": 0.7299575125961973,
            "lr": 0.1
        },
        "19": {
            "train_loss": 0.6995928979689076,
            "val_loss": 0.651226890714545,
            "lr": 0.1
        },
        "20": {
            "train_loss": 0.6968387894092067,
            "val_loss": 0.6689065171961199,
            "lr": 0.1
        },
        "21": {
            "train_loss": 0.6977810898134785,
            "val_loss": 0.6702599399968198,
            "lr": 0.1
        },
        "22": {
            "train_loss": 0.7034503442625846,
            "val_loss": 0.6508389146704423,
            "lr": 0.1
        },
        "23": {
            "train_loss": 0.6988937402925184,
            "val_loss": 0.6953967788763213,
            "lr": 0.1
        },
        "24": {
            "train_loss": 0.6997076099918734,
            "val_loss": 0.6434664684429503,
            "lr": 0.1
        },
        "25": {
            "train_loss": 0.6990262885247508,
            "val_loss": 0.6308854598748056,
            "lr": 0.1
        },
        "26": {
            "train_loss": 0.6988260928661593,
            "val_loss": 0.6912169686534948,
            "lr": 0.1
        },
        "27": {
            "train_loss": 0.70099913689398,
            "val_loss": 0.6418979377077337,
            "lr": 0.1
        },
        "28": {
            "train_loss": 0.6979991466768326,
            "val_loss": 0.6443497915016977,
            "lr": 0.1
        },
        "29": {
            "train_loss": 0.7012182454909047,
            "val_loss": 0.6261895372156512,
            "lr": 0.1
        },
        "30": {
            "train_loss": 0.6991898023313091,
            "val_loss": 0.719895529119592,
            "lr": 0.1
        },
        "31": {
            "train_loss": 0.6962670289701031,
            "val_loss": 0.6577675938606262,
            "lr": 0.1
        },
        "32": {
            "train_loss": 0.6980257351552287,
            "val_loss": 0.6500820266573053,
            "lr": 0.1
        },
        "33": {
            "train_loss": 0.6960498632923249,
            "val_loss": 0.6899974764439097,
            "lr": 0.1
        },
        "34": {
            "train_loss": 0.6983011874460405,
            "val_loss": 0.6397852228398908,
            "lr": 0.1
        },
        "35": {
            "train_loss": 0.6959419779239162,
            "val_loss": 0.6695386192254853,
            "lr": 0.1
        },
        "36": {
            "train_loss": 0.6962231407242436,
            "val_loss": 0.6616279137761969,
            "lr": 0.1
        },
        "37": {
            "train_loss": 0.695405388070691,
            "val_loss": 0.6984483411437586,
            "lr": 0.1
        },
        "38": {
            "train_loss": 0.7014600432688191,
            "val_loss": 0.6727522339737206,
            "lr": 0.1
        },
        "39": {
            "train_loss": 0.696493967886894,
            "val_loss": 0.712532873739276,
            "lr": 0.1
        },
        "40": {
            "train_loss": 0.6950187702332774,
            "val_loss": 0.659585742573989,
            "lr": 0.1
        },
        "41": {
            "train_loss": 0.6958565731202403,
            "val_loss": 0.7223244591763145,
            "lr": 0.1
        },
        "42": {
            "train_loss": 0.6960928507389561,
            "val_loss": 0.6896864855498598,
            "lr": 0.1
        },
        "43": {
            "train_loss": 0.6961504817008972,
            "val_loss": 0.6533357501029968,
            "lr": 0.1
        },
        "44": {
            "train_loss": 0.6973594100244583,
            "val_loss": 0.6797550393823992,
            "lr": 0.1
        },
        "45": {
            "train_loss": 0.694419781046529,
            "val_loss": 0.6929051855154205,
            "lr": 0.1
        },
        "46": {
            "train_loss": 0.6981412210772114,
            "val_loss": 0.664307571294015,
            "lr": 0.1
        },
        "47": {
            "train_loss": 0.6973131087518507,
            "val_loss": 0.7365689497244986,
            "lr": 0.1
        },
        "48": {
            "train_loss": 0.6973716395516549,
            "val_loss": 0.6541305592185572,
            "lr": 0.1
        },
        "49": {
            "train_loss": 0.6984673584661176,
            "val_loss": 0.6765490142922652,
            "lr": 0.1
        },
        "50": {
            "train_loss": 0.7012562838292891,
            "val_loss": 0.7147358750042162,
            "lr": 0.1
        },