{
    "metadata": {
        "model": "Net(\n  (conv1): Conv2d(1, 60, kernel_size=(5, 5), stride=(1, 1))\n  (bn1): BatchNorm2d(60, eps=1e-05, momentum=0.1, affine=True, track_running_stats=True)\n  (pool): MaxPool2d(kernel_size=2, stride=2, padding=0, dilation=1, ceil_mode=False)\n  (conv2): Conv2d(60, 160, kernel_size=(5, 5), stride=(1, 1))\n  (bn2): BatchNorm2d(160, eps=1e-05, momentum=0.1, affine=True, track_running_stats=True)\n  (conv3): Conv2d(160, 320, kernel_size=(3, 3), stride=(1, 1))\n  (bn3): BatchNorm2d(320, eps=1e-05, momentum=0.1, affine=True, track_running_stats=True)\n  (fc1): Linear(in_features=8000, out_features=120, bias=True)\n  (dropout1): Dropout(p=0.2, inplace=False)\n  (fc2): Linear(in_features=120, out_features=84, bias=True)\n  (dropout2): Dropout(p=0.3, inplace=False)\n  (fc3): Linear(in_features=84, out_features=10, bias=True)\n)",
        "freq_bins": 64,
        "time_steps": 64,
        "batch_size": 70,
        "optimizer": "SGD",
        "loss_function": "CrossEntropyLoss()",
        "num_epochs": 60
    },
    "data": {
        "1": {
            "train_loss": 0.9332715013334828,
            "val_loss": 0.7922939056890053,
            "lr": 0.01
        },
        "2": {
            "train_loss": 0.5754103838436065,
            "val_loss": 0.6461981848666543,
            "lr": 0.01
        },
        "3": {
            "train_loss": 0.48613381722281057,
            "val_loss": 0.573269758308143,
            "lr": 0.01
        },
        "4": {
            "train_loss": 0.47231792922942867,
            "val_loss": 0.5585342394678217,
            "lr": 0.01
        },
        "5": {
            "train_loss": 0.4479116388866978,
            "val_loss": 0.5423429430576793,
            "lr": 0.01
        },
        "6": {
            "train_loss": 0.4266861451248969,
            "val_loss": 0.5369771766035181,
            "lr": 0.01
        },
        "7": {
            "train_loss": 0.41572048539115536,
            "val_loss": 0.45392720322859914,
            "lr": 0.01
        },
        "8": {
            "train_loss": 0.39511225925337884,
            "val_loss": 0.40710089159639257,
            "lr": 0.01
        },
        "9": {
            "train_loss": 0.37367458401187775,
            "val_loss": 0.46855135340439646,
            "lr": 0.01
        },
        "10": {
            "train_loss": 0.3707927116943944,
            "val_loss": 0.5632224567888076,
            "lr": 0.01
        },
        "11": {
            "train_loss": 0.3544350215984929,
            "val_loss": 0.3780723676869744,
            "lr": 0.01
        },
        "12": {
            "train_loss": 0.3300307799250849,
            "val_loss": 0.43386263321889074,
            "lr": 0.01
        },
        "13": {
            "train_loss": 0.3283988347937984,
            "val_loss": 0.3677429358818029,
            "lr": 0.01
        },
        "14": {
            "train_loss": 0.3310246104674955,
            "val_loss": 0.41279432778818564,
            "lr": 0.01
        },
        "15": {
            "train_loss": 0.309554120946315,
            "val_loss": 0.33277514759908644,
            "lr": 0.01
        },
        "16": {
            "train_loss": 0.3037789545712932,
            "val_loss": 0.33190090032784564,
            "lr": 0.01
        },
        "17": {
            "train_loss": 0.28915900208296313,
            "val_loss": 0.4133299525108254,
            "lr": 0.01
        },
        "18": {
            "train_loss": 0.2897035782375643,
            "val_loss": 0.3226300131594926,
            "lr": 0.01
        },
        "19": {
            "train_loss": 0.28206976575236165,
            "val_loss": 0.42135900762258915,
            "lr": 0.01
        },
        "20": {
            "train_loss": 0.26776677033593577,
            "val_loss": 0.35046435356662986,
            "lr": 0.01
        },
        "21": {
            "train_loss": 0.2698096308496691,
            "val_loss": 0.27775138544670325,
            "lr": 0.01
        },
        "22": {
            "train_loss": 0.26898921449338237,
            "val_loss": 0.28785675512463377,
            "lr": 0.01
        },
        "23": {
            "train_loss": 0.28328794649531763,
            "val_loss": 0.26784485251757134,
            "lr": 0.01
        },
        "24": {
            "train_loss": 0.26020764150927145,
            "val_loss": 0.40091890702841054,
            "lr": 0.01
        },
        "25": {
            "train_loss": 0.26449516559800795,
            "val_loss": 0.3158651100177514,
            "lr": 0.01
        },
        "26": {
            "train_loss": 0.2503974718912955,
            "val_loss": 0.2777924426226762,
            "lr": 0.01
        },
        "27": {
            "train_loss": 0.24411067823248525,
            "val_loss": 0.27315478595463855,
            "lr": 0.01
        },
        "28": {
            "train_loss": 0.24110854801631743,
            "val_loss": 0.298701347619818,
            "lr": 0.01
        },
        "29": {
            "train_loss": 0.2378322434040808,
            "val_loss": 0.41171129479220037,
            "lr": 0.01
        },
        "30": {
            "train_loss": 0.2506781779229641,
            "val_loss": 0.2751940918857591,
            "lr": 0.01
        },
        "31": {
            "train_loss": 0.24858390179372603,
            "val_loss": 0.26617830136398735,
            "lr": 0.01
        },
        "32": {
            "train_loss": 0.23690286591168372,
            "val_loss": 0.31115797913649623,
            "lr": 0.01
        },
        "33": {
            "train_loss": 0.2271161024128237,
            "val_loss": 0.2509559749772674,
            "lr": 0.01
        },
        "34": {
            "train_loss": 0.22543307658164732,
            "val_loss": 0.2913291411833805,
            "lr": 0.01
        },
        "35": {
            "train_loss": 0.23916082252417842,
            "val_loss": 0.25344106976531056,
            "lr": 0.01
        },
        "36": {
            "train_loss": 0.22468161318571336,
            "val_loss": 0.268809737768351,
            "lr": 0.01
        },
        "37": {
            "train_loss": 0.23978593488854746,
            "val_loss": 0.24418837426785836,
            "lr": 0.01
        },
        "38": {
            "train_loss": 0.21654230896984378,
            "val_loss": 0.2214321025663562,
            "lr": 0.01
        },
        "39": {
            "train_loss": 0.22623320644901646,
            "val_loss": 0.26846521935964884,
            "lr": 0.01
        },
        "40": {
            "train_loss": 0.2183649880030463,
            "val_loss": 0.31878803618121565,
            "lr": 0.01
        },
        "41": {
            "train_loss": 0.21495177188227255,
            "val_loss": 0.31050443164023916,
            "lr": 0.01
        },
        "42": {
            "train_loss": 0.22421640422075026,
            "val_loss": 0.3529171205142088,
            "lr": 0.01
        },
        "43": {
            "train_loss": 0.23644373061195498,
            "val_loss": 0.26298856973778784,
            "lr": 0.01
        },
        "44": {
            "train_loss": 0.2277955054756134,
            "val_loss": 0.2388912823312638,
            "lr": 0.01
        },
        "45": {
            "train_loss": 0.20986902785878028,
            "val_loss": 0.2530220472498944,
            "lr": 0.01
        },
        "46": {
            "train_loss": 0.21065402836088212,
            "val_loss": 0.3129092594118495,
            "lr": 0.01
        },
        "47": {
            "train_loss": 0.22625912461550005,
            "val_loss": 0.2854658389921513,
            "lr": 0.01
        },
        "48": {
            "train_loss": 0.19606952837878658,
            "val_loss": 0.23190336543739887,
            "lr": 0.01
        },
        "49": {
            "train_loss": 0.2058341464688701,
            "val_loss": 0.26207473176417123,
            "lr": 0.01
        },