{
    "metadata": {
        "model": "Net(\n  (conv1): Conv2d(1, 60, kernel_size=(5, 5), stride=(1, 1))\n  (bn1): BatchNorm2d(60, eps=1e-05, momentum=0.1, affine=True, track_running_stats=True)\n  (pool): MaxPool2d(kernel_size=2, stride=2, padding=0, dilation=1, ceil_mode=False)\n  (conv2): Conv2d(60, 160, kernel_size=(5, 5), stride=(1, 1))\n  (bn2): BatchNorm2d(160, eps=1e-05, momentum=0.1, affine=True, track_running_stats=True)\n  (conv3): Conv2d(160, 320, kernel_size=(3, 3), stride=(1, 1))\n  (bn3): BatchNorm2d(320, eps=1e-05, momentum=0.1, affine=True, track_running_stats=True)\n  (fc1): Linear(in_features=8000, out_features=120, bias=True)\n  (dropout1): Dropout(p=0.2, inplace=False)\n  (fc2): Linear(in_features=120, out_features=84, bias=True)\n  (dropout2): Dropout(p=0.3, inplace=False)\n  (fc3): Linear(in_features=84, out_features=10, bias=True)\n)",
        "freq_bins": 64,
        "time_steps": 64,
        "batch_size": 70,
        "optimizer": "SGD",
        "loss_function": "CrossEntropyLoss()",
        "num_epochs": 60
    },
    "data": {
        "1": {
            "train_loss": 1.0718673092703666,
            "val_loss": 0.6332097356779534,
            "lr": 0.001
        },
        "2": {
            "train_loss": 0.6302446030801342,
            "val_loss": 0.6364018284437949,
            "lr": 0.001
        },
        "3": {
            "train_loss": 0.5360735347194057,
            "val_loss": 0.5977694217050284,
            "lr": 0.001
        },
        "4": {
            "train_loss": 0.49796304010575815,
            "val_loss": 0.5978457718564752,
            "lr": 0.001
        },
        "5": {
            "train_loss": 0.4936846735015992,
            "val_loss": 0.5804765067602459,
            "lr": 0.001
        },
        "6": {
            "train_loss": 0.48506680275163344,
            "val_loss": 0.5846171449673804,
            "lr": 0.001
        },
        "7": {
            "train_loss": 0.46080797622280734,
            "val_loss": 0.5379899175543534,
            "lr": 0.001
        },
        "8": {
            "train_loss": 0.4527259300793371,
            "val_loss": 0.526415565819071,
            "lr": 0.001
        },
        "9": {
            "train_loss": 0.440271720290184,
            "val_loss": 0.5439219545376929,
            "lr": 0.001
        },
        "10": {
            "train_loss": 0.43949818274667185,
            "val_loss": 0.5201922508708218,
            "lr": 0.001
        },
        "11": {
            "train_loss": 0.4225793312634191,
            "val_loss": 0.5074006227547663,
            "lr": 0.001
        },
        "12": {
            "train_loss": 0.41610924947646355,
            "val_loss": 0.47825473154845993,
            "lr": 0.001
        },
        "13": {
            "train_loss": 0.4019472151994705,
            "val_loss": 0.49406517205531136,
            "lr": 0.001
        },
        "14": {
            "train_loss": 0.38804644826919804,
            "val_loss": 0.4498966111425768,
            "lr": 0.001
        },
        "15": {
            "train_loss": 0.36785899895814156,
            "val_loss": 0.43421245274836556,
            "lr": 0.001
        },
        "16": {
            "train_loss": 0.3787630998319195,
            "val_loss": 0.4197221448677674,
            "lr": 0.001
        },
        "17": {
            "train_loss": 0.35969130502593133,
            "val_loss": 0.4188062625757435,
            "lr": 0.001
        },
        "18": {
            "train_loss": 0.35179182478497106,
            "val_loss": 0.39288693810241265,
            "lr": 0.001
        },
        "19": {
            "train_loss": 0.34948951102072195,
            "val_loss": 0.3910864405987555,
            "lr": 0.001
        },
        "20": {
            "train_loss": 0.33531380084253126,
            "val_loss": 0.3854017386441691,
            "lr": 0.001
        },
        "21": {
            "train_loss": 0.32369335019780743,
            "val_loss": 0.40781973155313417,
            "lr": 0.001
        },
        "22": {
            "train_loss": 0.31043457336002783,
            "val_loss": 0.35965849982019055,
            "lr": 0.001
        },
        "23": {
            "train_loss": 0.3185662783442005,
            "val_loss": 0.32054578630547775,
            "lr": 0.001
        },
        "24": {
            "train_loss": 0.30744078611173936,
            "val_loss": 0.657292878320604,
            "lr": 0.001
        },
        "25": {
            "train_loss": 0.3150110658138029,
            "val_loss": 0.4158833071981606,
            "lr": 0.001
        },
        "26": {
            "train_loss": 0.2910669159985358,
            "val_loss": 0.33834056249051764,
            "lr": 0.001
        },
        "27": {
            "train_loss": 0.28254016969473134,
            "val_loss": 0.33574414200950087,
            "lr": 0.001
        },
        "28": {
            "train_loss": 0.28040851724724614,
            "val_loss": 0.3273920891969873,
            "lr": 0.001
        },
        "29": {
            "train_loss": 0.27272603180139293,
            "val_loss": 0.412737232681952,
            "lr": 0.001
        },
        "30": {
            "train_loss": 0.2851325497031212,
            "val_loss": 0.32616621726437617,
            "lr": 0.001
        },
        "31": {
            "train_loss": 0.280473739149109,
            "val_loss": 0.2996067419125323,
            "lr": 0.001
        },
        "32": {
            "train_loss": 0.27301804072433905,
            "val_loss": 0.2877686317814024,
            "lr": 0.001
        },
        "33": {
            "train_loss": 0.2622970873790403,
            "val_loss": 0.2860648817006956,
            "lr": 0.001
        },
        "34": {
            "train_loss": 0.2605446329520595,
            "val_loss": 0.32709254036869917,
            "lr": 0.001
        },
        "35": {
            "train_loss": 0.260144587486021,
            "val_loss": 0.3166801500411933,
            "lr": 0.001
        },
        "36": {
            "train_loss": 0.26403501581761146,
            "val_loss": 0.32268514693306205,
            "lr": 0.001
        },
        "37": {
            "train_loss": 0.26730047142313373,
            "val_loss": 0.29744969612281574,
            "lr": 0.001
        },
        "38": {
            "train_loss": 0.25188525549827084,
            "val_loss": 0.3263048371463491,
            "lr": 0.001
        },
        "39": {
            "train_loss": 0.2631430517761938,
            "val_loss": 0.6282056226975105,
            "lr": 0.001
        },
        "40": {
            "train_loss": 0.24422511494448107,
            "val_loss": 0.28689055641492206,
            "lr": 0.001
        },
        "41": {
            "train_loss": 0.2377560898180931,
            "val_loss": 0.2812817559103694,
            "lr": 0.001
        },
        "42": {
            "train_loss": 0.24541405155774085,
            "val_loss": 0.32512474145021353,
            "lr": 0.001
        },
        "43": {
            "train_loss": 0.24336586423939274,
            "val_loss": 0.3225262584654908,
            "lr": 0.001
        },
        "44": {
            "train_loss": 0.2407141737639904,
            "val_loss": 0.2660117789351365,
            "lr": 0.001
        },
        "45": {
            "train_loss": 0.2320460787703914,
            "val_loss": 0.2922338495651881,
            "lr": 0.001
        },
        "46": {
            "train_loss": 0.2444849738911275,
            "val_loss": 0.3217184662067315,
            "lr": 0.001
        },
        "47": {
            "train_loss": 0.23851130494186956,
            "val_loss": 0.3114983324582378,
            "lr": 0.001
        },
        "48": {
            "train_loss": 0.23005352986435737,
            "val_loss": 0.2566560327091761,
            "lr": 0.001
        },
        "49": {
            "train_loss": 0.24008615747574838,
            "val_loss": 0.2666296242621907,