{
    "metadata": {
        "model": "Net(\n  (conv1): Conv2d(1, 60, kernel_size=(5, 5), stride=(1, 1))\n  (bn1): BatchNorm2d(60, eps=1e-05, momentum=0.1, affine=True, track_running_stats=True)\n  (pool): MaxPool2d(kernel_size=2, stride=2, padding=0, dilation=1, ceil_mode=False)\n  (conv2): Conv2d(60, 160, kernel_size=(5, 5), stride=(1, 1))\n  (bn2): BatchNorm2d(160, eps=1e-05, momentum=0.1, affine=True, track_running_stats=True)\n  (conv3): Conv2d(160, 320, kernel_size=(3, 3), stride=(1, 1))\n  (bn3): BatchNorm2d(320, eps=1e-05, momentum=0.1, affine=True, track_running_stats=True)\n  (fc1): Linear(in_features=8000, out_features=120, bias=True)\n  (dropout1): Dropout(p=0.2, inplace=False)\n  (fc2): Linear(in_features=120, out_features=84, bias=True)\n  (dropout2): Dropout(p=0.3, inplace=False)\n  (fc3): Linear(in_features=84, out_features=10, bias=True)\n)",
        "freq_bins": 64,
        "time_steps": 64,
        "batch_size": 70,
        "optimizer": "SGD",
        "loss_function": "CrossEntropyLoss()",
        "num_epochs": 60
    },
    "data": {
        "1": {
            "train_loss": 1.7590198266890742,
            "val_loss": 0.9857132183878046,
            "lr": 0.0001
        },
        "2": {
            "train_loss": 0.9103108336848598,
            "val_loss": 0.72394191173085,
            "lr": 0.0001
        },
        "3": {
            "train_loss": 0.7743035775999869,
            "val_loss": 0.6766413241101984,
            "lr": 0.0001
        },
        "4": {
            "train_loss": 0.7104594601738837,
            "val_loss": 0.648523539827581,
            "lr": 0.0001
        },
        "5": {
            "train_loss": 0.6863720349727138,
            "val_loss": 0.6421919245468942,
            "lr": 0.0001
        },
        "6": {
            "train_loss": 0.6469833581678329,
            "val_loss": 0.6365204542352442,
            "lr": 0.0001
        },
        "7": {
            "train_loss": 0.615449700624712,
            "val_loss": 0.617861991388756,
            "lr": 0.0001
        },
        "8": {
            "train_loss": 0.5889932378645866,
            "val_loss": 0.6123513589825547,
            "lr": 0.0001
        },
        "9": {
            "train_loss": 0.5675247681717719,
            "val_loss": 0.6128649779579096,
            "lr": 0.0001
        },
        "10": {
            "train_loss": 0.5548199415206909,
            "val_loss": 0.6207176075692762,
            "lr": 0.0001
        },
        "11": {
            "train_loss": 0.5475051359784219,
            "val_loss": 0.6078890781653555,
            "lr": 0.0001
        },
        "12": {
            "train_loss": 0.5323033049221961,
            "val_loss": 0.6015302233005825,
            "lr": 0.0001
        },
        "13": {
            "train_loss": 0.5197622578951621,
            "val_loss": 0.5927295951466811,
            "lr": 0.0001
        },
        "14": {
            "train_loss": 0.5167656247654269,
            "val_loss": 0.598158333123776,
            "lr": 0.0001
        },
        "15": {
            "train_loss": 0.5104905578397936,
            "val_loss": 0.5921134033746887,
            "lr": 0.0001
        },
        "16": {
            "train_loss": 0.5121189591384703,
            "val_loss": 0.5970532418343059,
            "lr": 0.0001
        },
        "17": {
            "train_loss": 0.49904613244918083,
            "val_loss": 0.5856873346002478,
            "lr": 0.0001
        },
        "18": {
            "train_loss": 0.5010997143483931,
            "val_loss": 0.5976072594262006,
            "lr": 0.0001
        },
        "19": {
            "train_loss": 0.48807053412160567,
            "val_loss": 0.5877546333430106,
            "lr": 0.0001
        },
        "20": {
            "train_loss": 0.49974222337045976,
            "val_loss": 0.565152150235678,
            "lr": 0.0001
        },
        "21": {
            "train_loss": 0.48745621596613237,
            "val_loss": 0.5882387793900674,
            "lr": 0.0001
        },
        "22": {
            "train_loss": 0.48633090478758656,
            "val_loss": 0.5915235495358183,
            "lr": 0.0001
        },
        "23": {
            "train_loss": 0.484045067141133,
            "val_loss": 0.5708621209650709,
            "lr": 0.0001
        },
        "24": {
            "train_loss": 0.4835934090998865,
            "val_loss": 0.577157875947785,
            "lr": 0.0001
        },
        "25": {
            "train_loss": 0.4805138822524778,
            "val_loss": 0.5762921163910314,
            "lr": 0.0001
        },
        "26": {
            "train_loss": 0.4783701363109773,
            "val_loss": 0.579026778277598,
            "lr": 0.0001
        },
        "27": {
            "train_loss": 0.4740095345243331,
            "val_loss": 0.5754167136915943,
            "lr": 0.0001
        },
        "28": {
            "train_loss": 0.4618336904433466,
            "val_loss": 0.5777929004347115,
            "lr": 0.0001
        },
        "29": {
            "train_loss": 0.45947611524212745,
            "val_loss": 0.5707389929315501,
            "lr": 0.0001
        },
        "30": {
            "train_loss": 0.46694332168948266,
            "val_loss": 0.5638733914023951,
            "lr": 0.0001
        },
        "31": {
            "train_loss": 0.4704467740751082,
            "val_loss": 0.558225750400309,
            "lr": 0.0001
        },
        "32": {
            "train_loss": 0.46554299756403894,
            "val_loss": 0.5540663024835419,
            "lr": 0.0001
        },
        "33": {
            "train_loss": 0.4683272381944041,
            "val_loss": 0.5553448111341711,
            "lr": 0.0001
        },
        "34": {
            "train_loss": 0.46715914241729245,
            "val_loss": 0.558471412512294,
            "lr": 0.0001
        },
        "35": {
            "train_loss": 0.4655706344112273,
            "val_loss": 0.5427573069668653,
            "lr": 0.0001
        },
        "36": {
            "train_loss": 0.45963915413425815,
            "val_loss": 0.5695264995620962,
            "lr": 0.0001
        },
        "37": {
            "train_loss": 0.4555162989324139,
            "val_loss": 0.5597276682393593,
            "lr": 0.0001
        },
        "38": {
            "train_loss": 0.4526708645205344,
            "val_loss": 0.5292619302084571,
            "lr": 0.0001
        },
        "39": {
            "train_loss": 0.4649379104375839,
            "val_loss": 0.5500746222964504,
            "lr": 0.0001
        },
        "40": {
            "train_loss": 0.44759448497526105,
            "val_loss": 0.5500976801441427,
            "lr": 0.0001
        },
        "41": {
            "train_loss": 0.45139187045635715,
            "val_loss": 0.5583833929216653,
            "lr": 0.0001
        },
        "42": {
            "train_loss": 0.4483679263822494,
            "val_loss": 0.534719847796256,
            "lr": 0.0001
        },
        "43": {
            "train_loss": 0.45162664930666646,
            "val_loss": 0.5425099644221758,
            "lr": 0.0001
        },
        "44": {
            "train_loss": 0.4515266288672724,
            "val_loss": 0.5383923226281216,
            "lr": 0.0001
        },
        "45": {
            "train_loss": 0.4437080871674322,
            "val_loss": 0.5410985865613871,
            "lr": 0.0001
        },
        "46": {
            "train_loss": 0.4412804572812973,
            "val_loss": 0.5425755028661928,
            "lr": 0.0001
        },
        "47": {
            "train_loss": 0.4455936781821712,
            "val_loss": 0.5321965099949586,
            "lr": 0.0001
        },
        "48": {
            "train_loss": 0.44131913733097816,
            "val_loss": 0.5327587917185667,
            "lr": 0.0001
        },
        "49": {
            "train_loss": 0.44999549129316885,
            "val_loss": 0.5399614593438935,