{
    "metadata": {
        "model": "Net(\n  (conv1): Conv2d(1, 60, kernel_size=(5, 5), stride=(1, 1))\n  (bn1): BatchNorm2d(60, eps=1e-05, momentum=0.1, affine=True, track_running_stats=True)\n  (pool): MaxPool2d(kernel_size=2, stride=2, padding=0, dilation=1, ceil_mode=False)\n  (conv2): Conv2d(60, 160, kernel_size=(5, 5), stride=(1, 1))\n  (bn2): BatchNorm2d(160, eps=1e-05, momentum=0.1, affine=True, track_running_stats=True)\n  (conv3): Conv2d(160, 320, kernel_size=(3, 3), stride=(1, 1))\n  (bn3): BatchNorm2d(320, eps=1e-05, momentum=0.1, affine=True, track_running_stats=True)\n  (fc1): Linear(in_features=8000, out_features=120, bias=True)\n  (dropout1): Dropout(p=0.2, inplace=False)\n  (fc2): Linear(in_features=120, out_features=84, bias=True)\n  (dropout2): Dropout(p=0.3, inplace=False)\n  (fc3): Linear(in_features=84, out_features=10, bias=True)\n)",
        "freq_bins": 64,
        "time_steps": 64,
        "batch_size": 70,
        "optimizer": "SGD",
        "loss_function": "CrossEntropyLoss()",
        "num_epochs": 60
    },
    "data": {
        "1": {
            "train_loss": 0.9736185179602715,
            "val_loss": 0.6059757664538267,
            "lr": 0.001
        },
        "2": {
            "train_loss": 0.5683721760588307,
            "val_loss": 0.6153031681713305,
            "lr": 0.001
        },
        "3": {
            "train_loss": 0.5044420250961857,
            "val_loss": 0.5864542456049668,
            "lr": 0.001
        },
        "4": {
            "train_loss": 0.49622819740926066,
            "val_loss": 0.5743106007575989,
            "lr": 0.001
        },
        "5": {
            "train_loss": 0.47771551243720517,
            "val_loss": 0.5928959104052761,
            "lr": 0.001
        },
        "6": {
            "train_loss": 0.47784862258741934,
            "val_loss": 0.597844949416947,
            "lr": 0.001
        },
        "7": {
            "train_loss": 0.45717711987033965,
            "val_loss": 0.5483449985060775,
            "lr": 0.001
        },
        "8": {
            "train_loss": 0.4485601782798767,
            "val_loss": 0.5456862033982026,
            "lr": 0.001
        },
        "9": {
            "train_loss": 0.452885601309038,
            "val_loss": 0.5315784100900617,
            "lr": 0.001
        },
        "10": {
            "train_loss": 0.4303725097448595,
            "val_loss": 0.517396523502835,
            "lr": 0.001
        },
        "11": {
            "train_loss": 0.4287237448077048,
            "val_loss": 0.5038356859433023,
            "lr": 0.001
        },
        "12": {
            "train_loss": 0.41987168596636865,
            "val_loss": 0.5579919798070925,
            "lr": 0.001
        },
        "13": {
            "train_loss": 0.4020898935775603,
            "val_loss": 0.45012723824434114,
            "lr": 0.001
        },
        "14": {
            "train_loss": 0.38753666848905627,
            "val_loss": 0.45671460346171733,
            "lr": 0.001
        },
        "15": {
            "train_loss": 0.38515458568449945,
            "val_loss": 0.40592043284784285,
            "lr": 0.001
        },
        "16": {
            "train_loss": 0.36993852978752506,
            "val_loss": 0.44204343835774224,
            "lr": 0.001
        },
        "17": {
            "train_loss": 0.35146859456454554,
            "val_loss": 0.4261736652830191,
            "lr": 0.001
        },
        "18": {
            "train_loss": 0.3419800669916214,
            "val_loss": 0.3806406976491736,
            "lr": 0.001
        },
        "19": {
            "train_loss": 0.3387743693686301,
            "val_loss": 0.41694116089166255,
            "lr": 0.001
        },
        "20": {
            "train_loss": 0.3367792990419172,
            "val_loss": 0.4322231845243981,
            "lr": 0.001
        },
        "21": {
            "train_loss": 0.3360158680908142,
            "val_loss": 0.3862028310173436,
            "lr": 0.001
        },
        "22": {
            "train_loss": 0.328282794885097,
            "val_loss": 0.46120393759848777,
            "lr": 0.001
        },
        "23": {
            "train_loss": 0.3010398478757951,
            "val_loss": 0.333846484294586,
            "lr": 0.001
        },
        "24": {
            "train_loss": 0.3110626243775891,
            "val_loss": 0.420847401153623,
            "lr": 0.001
        },
        "25": {
            "train_loss": 0.29076106678093633,
            "val_loss": 0.5337053682785808,
            "lr": 0.001
        },
        "26": {
            "train_loss": 0.29514608580258583,
            "val_loss": 0.3259968872819292,
            "lr": 0.001
        },
        "27": {
            "train_loss": 0.2960088781772121,
            "val_loss": 0.4054582162122977,
            "lr": 0.001
        },
        "28": {
            "train_loss": 0.27760911540639016,
            "val_loss": 0.2898330417576066,
            "lr": 0.001
        },
        "29": {
            "train_loss": 0.2791649147627815,
            "val_loss": 0.3298586974606702,
            "lr": 0.001
        },
        "30": {
            "train_loss": 0.2672031091586236,
            "val_loss": 0.299230615951513,
            "lr": 0.001
        },
        "31": {
            "train_loss": 0.26630883063039473,
            "val_loss": 0.3194103148814879,
            "lr": 0.001
        },
        "32": {
            "train_loss": 0.26629478003709545,
            "val_loss": 0.3179484890087655,
            "lr": 0.001
        },
        "33": {
            "train_loss": 0.2626962517538378,
            "val_loss": 0.36567431256959315,
            "lr": 0.001
        },
        "34": {
            "train_loss": 0.2893453761935234,
            "val_loss": 0.300209400554498,
            "lr": 0.001
        },
        "35": {
            "train_loss": 0.2585107128947012,
            "val_loss": 0.26123315455359325,
            "lr": 0.001
        },
        "36": {
            "train_loss": 0.24553586230162652,
            "val_loss": 0.2877785195188041,
            "lr": 0.001
        },
        "37": {
            "train_loss": 0.25726873259390554,
            "val_loss": 0.505563527999217,
            "lr": 0.001
        },
        "38": {
            "train_loss": 0.24836925585423747,
            "val_loss": 0.27504784470064597,
            "lr": 0.001
        },
        "39": {
            "train_loss": 0.27014155229253156,
            "val_loss": 0.3331300461207304,
            "lr": 0.001
        },
        "40": {
            "train_loss": 0.23495502000854862,
            "val_loss": 0.3004925913063058,
            "lr": 0.001
        },
        "41": {
            "train_loss": 0.25737991544508165,
            "val_loss": 0.2831841588281749,
            "lr": 0.001
        },
        "42": {
            "train_loss": 0.23945154898589657,
            "val_loss": 0.3414901742678985,
            "lr": 0.001
        },
        "43": {
            "train_loss": 0.2382754521264184,
            "val_loss": 0.23501297947542185,
            "lr": 0.001
        },
        "44": {
            "train_loss": 0.23687619042973365,
            "val_loss": 0.26038131395583614,
            "lr": 0.001
        },
        "45": {
            "train_loss": 0.2308632040456418,
            "val_loss": 0.28397098317611635,
            "lr": 0.001
        },
        "46": {
            "train_loss": 0.24400057138935213,
            "val_loss": 0.5066458165580243,
            "lr": 0.001
        },
        "47": {
            "train_loss": 0.2545433650093694,
            "val_loss": 0.2757837229424663,
            "lr": 0.001
        },
        "48": {
            "train_loss": 0.23048805229125485,
            "val_loss": 0.24770221437670684,
            "lr": 0.001
        },
        "49": {
            "train_loss": 0.2439507642580617,
            "val_loss": 0.25820917391071196,
            "lr": 0.001
        },