{
    "metadata": {
        "model": "Net(\n  (conv1): Conv2d(1, 60, kernel_size=(5, 5), stride=(1, 1))\n  (bn1): BatchNorm2d(60, eps=1e-05, momentum=0.1, affine=True, track_running_stats=True)\n  (pool): MaxPool2d(kernel_size=2, stride=2, padding=0, dilation=1, ceil_mode=False)\n  (conv2): Conv2d(60, 160, kernel_size=(5, 5), stride=(1, 1))\n  (bn2): BatchNorm2d(160, eps=1e-05, momentum=0.1, affine=True, track_running_stats=True)\n  (conv3): Conv2d(160, 320, kernel_size=(3, 3), stride=(1, 1))\n  (bn3): BatchNorm2d(320, eps=1e-05, momentum=0.1, affine=True, track_running_stats=True)\n  (fc1): Linear(in_features=8000, out_features=120, bias=True)\n  (dropout1): Dropout(p=0.2, inplace=False)\n  (fc2): Linear(in_features=120, out_features=84, bias=True)\n  (dropout2): Dropout(p=0.3, inplace=False)\n  (fc3): Linear(in_features=84, out_features=10, bias=True)\n)",
        "freq_bins": 64,
        "time_steps": 64,
        "batch_size": 70,
        "optimizer": "SGD",
        "loss_function": "CrossEntropyLoss()",
        "num_epochs": 60
    },
    "data": {
        "1": {
            "train_loss": 0.8552913781135313,
            "val_loss": 0.6105403518467619,
            "lr": 0.01
        },
        "2": {
            "train_loss": 0.5200576248668856,
            "val_loss": 0.6214239226098646,
            "lr": 0.01
        },
        "3": {
            "train_loss": 0.4721243977546692,
            "val_loss": 0.588990529901103,
            "lr": 0.01
        },
        "4": {
            "train_loss": 0.4882578609451171,
            "val_loss": 0.5675884354532811,
            "lr": 0.01
        },
        "5": {
            "train_loss": 0.44656435232008657,
            "val_loss": 0.5294566601514816,
            "lr": 0.01
        },
        "6": {
            "train_loss": 0.4213240598478625,
            "val_loss": 0.4680303995285118,
            "lr": 0.01
        },
        "7": {
            "train_loss": 0.3829623547292525,
            "val_loss": 0.44339636138133837,
            "lr": 0.01
        },
        "8": {
            "train_loss": 0.37736982323469653,
            "val_loss": 0.40219233158910483,
            "lr": 0.01
        },
        "9": {
            "train_loss": 0.36700538930393034,
            "val_loss": 0.39548721582743157,
            "lr": 0.01
        },
        "10": {
            "train_loss": 0.34255278999766997,
            "val_loss": 0.40558986803680136,
            "lr": 0.01
        },
        "11": {
            "train_loss": 0.3583576287473402,
            "val_loss": 0.44730335761580553,
            "lr": 0.01
        },
        "12": {
            "train_loss": 0.3259960987394856,
            "val_loss": 0.3304687227988452,
            "lr": 0.01
        },
        "13": {
            "train_loss": 0.3157414411825518,
            "val_loss": 0.4253877860150839,
            "lr": 0.01
        },
        "14": {
            "train_loss": 0.2915866490333311,
            "val_loss": 0.3936267795792797,
            "lr": 0.01
        },
        "15": {
            "train_loss": 0.31276887246677954,
            "val_loss": 0.32386722249027927,
            "lr": 0.01
        },
        "16": {
            "train_loss": 0.2866522251598297,
            "val_loss": 0.39236110345901626,
            "lr": 0.01
        },
        "17": {
            "train_loss": 0.27281247247611323,
            "val_loss": 0.4286254617597973,
            "lr": 0.01
        },
        "18": {
            "train_loss": 0.27210201010588675,
            "val_loss": 0.2813026626643382,
            "lr": 0.01
        },
        "19": {
            "train_loss": 0.2716324865337341,
            "val_loss": 0.3088256954623942,
            "lr": 0.01
        },
        "20": {
            "train_loss": 0.26371756099885507,
            "val_loss": 0.35424521192908287,
            "lr": 0.01
        },
        "21": {
            "train_loss": 0.2827551646098014,
            "val_loss": 0.3368255503214242,
            "lr": 0.01
        },
        "22": {
            "train_loss": 0.2634172824121291,
            "val_loss": 0.39348261430859566,
            "lr": 0.01
        },
        "23": {
            "train_loss": 0.2499989266357114,
            "val_loss": 0.2935462868527362,
            "lr": 0.01
        },
        "24": {
            "train_loss": 0.2564188633714953,
            "val_loss": 0.2908584740208952,
            "lr": 0.01
        },
        "25": {
            "train_loss": 0.2493860564164577,
            "val_loss": 0.35323091828378667,
            "lr": 0.01
        },
        "26": {
            "train_loss": 0.24450784825509594,
            "val_loss": 0.3023740149250156,
            "lr": 0.01
        },
        "27": {
            "train_loss": 0.25733927060519496,
            "val_loss": 0.32033792438737135,
            "lr": 0.01
        },
        "28": {
            "train_loss": 0.22739819064736366,
            "val_loss": 0.2742969312035201,
            "lr": 0.01
        },
        "29": {
            "train_loss": 0.2372818167411512,
            "val_loss": 0.25673958570941496,
            "lr": 0.01
        },
        "30": {
            "train_loss": 0.23515456938935864,
            "val_loss": 0.2647717443229467,
            "lr": 0.01
        },
        "31": {
            "train_loss": 0.2372743208562174,
            "val_loss": 0.2642920957061282,
            "lr": 0.01
        },
        "32": {
            "train_loss": 0.22678155271757033,
            "val_loss": 0.2632279045095569,
            "lr": 0.01
        },
        "33": {
            "train_loss": 0.22015345553236623,
            "val_loss": 0.26822235144413353,
            "lr": 0.01
        },
        "34": {
            "train_loss": 0.2348178889482252,
            "val_loss": 0.2650244343176223,
            "lr": 0.01
        },
        "35": {
            "train_loss": 0.22331799867172394,
            "val_loss": 0.24188367298624494,
            "lr": 0.01
        },
        "36": {
            "train_loss": 0.21611153478583983,
            "val_loss": 0.3031046330079175,
            "lr": 0.01
        },
        "37": {
            "train_loss": 0.22015106461701855,
            "val_loss": 0.3522642448283078,
            "lr": 0.01
        },
        "38": {
            "train_loss": 0.21680876492492615,
            "val_loss": 0.2549737257262071,
            "lr": 0.01
        },
        "39": {
            "train_loss": 0.22812668582604778,
            "val_loss": 0.2918422726399608,
            "lr": 0.01
        },
        "40": {
            "train_loss": 0.2124255276735752,
            "val_loss": 0.2759303470599678,
            "lr": 0.01
        },
        "41": {
            "train_loss": 0.22211241265458445,
            "val_loss": 0.28676568992893425,
            "lr": 0.01
        },
        "42": {
            "train_loss": 0.21196827785142006,
            "val_loss": 0.3224920635683495,
            "lr": 0.01
        },
        "43": {
            "train_loss": 0.21497169485495937,
            "val_loss": 0.25404577121432675,
            "lr": 0.01
        },
        "44": {
            "train_loss": 0.21595125056562886,
            "val_loss": 0.2463132302489197,
            "lr": 0.01
        },
        "45": {
            "train_loss": 0.20472600779706432,
            "val_loss": 0.2774130456321138,
            "lr": 0.01
        },
        "46": {
            "train_loss": 0.2181407786425083,
            "val_loss": 0.3201180281231931,
            "lr": 0.01
        },
        "47": {
            "train_loss": 0.22418819848568208,
            "val_loss": 0.24171584344616062,
            "lr": 0.01
        },
        "48": {
            "train_loss": 0.20648612274277595,
            "val_loss": 0.21036529952758237,
            "lr": 0.01
        },
        "49": {
            "train_loss": 0.22352969406112547,
            "val_loss": 0.22796858754009008,
            "lr": 0.01
        },