{
    "metadata": {
        "model": "Net(\n  (conv1): Conv2d(1, 60, kernel_size=(5, 5), stride=(1, 1))\n  (bn1): BatchNorm2d(60, eps=1e-05, momentum=0.1, affine=True, track_running_stats=True)\n  (pool): MaxPool2d(kernel_size=2, stride=2, padding=0, dilation=1, ceil_mode=False)\n  (conv2): Conv2d(60, 160, kernel_size=(5, 5), stride=(1, 1))\n  (bn2): BatchNorm2d(160, eps=1e-05, momentum=0.1, affine=True, track_running_stats=True)\n  (conv3): Conv2d(160, 320, kernel_size=(3, 3), stride=(1, 1))\n  (bn3): BatchNorm2d(320, eps=1e-05, momentum=0.1, affine=True, track_running_stats=True)\n  (fc1): Linear(in_features=8000, out_features=120, bias=True)\n  (dropout1): Dropout(p=0.2, inplace=False)\n  (fc2): Linear(in_features=120, out_features=84, bias=True)\n  (dropout2): Dropout(p=0.3, inplace=False)\n  (fc3): Linear(in_features=84, out_features=10, bias=True)\n)",
        "freq_bins": 64,
        "time_steps": 64,
        "batch_size": 70,
        "optimizer": "SGD",
        "loss_function": "CrossEntropyLoss()",
        "num_epochs": 60
    },
    "data": {
        "1": {
            "train_loss": 1.216256591581529,
            "val_loss": 0.6450744898695695,
            "lr": 0.1
        },
        "2": {
            "train_loss": 0.7065460595392412,
            "val_loss": 0.6306914770812319,
            "lr": 0.1
        },
        "3": {
            "train_loss": 0.7069926761811779,
            "val_loss": 0.7325468126096224,
            "lr": 0.1
        },
        "4": {
            "train_loss": 0.7036736905574799,
            "val_loss": 0.7046439145740709,
            "lr": 0.1
        },
        "5": {
            "train_loss": 0.7070865554194297,
            "val_loss": 0.7355853308711136,
            "lr": 0.1
        },
        "6": {
            "train_loss": 0.7018644578995243,
            "val_loss": 0.6454949358053375,
            "lr": 0.1
        },
        "7": {
            "train_loss": 0.7032466213549337,
            "val_loss": 0.7461981438753897,
            "lr": 0.1
        },
        "8": {
            "train_loss": 0.7029565072828724,
            "val_loss": 0.6345562966246354,
            "lr": 0.1
        },
        "9": {
            "train_loss": 0.697922658535742,
            "val_loss": 0.6936274662352445,
            "lr": 0.1
        },
        "10": {
            "train_loss": 0.698088119106908,
            "val_loss": 0.7089824645142806,
            "lr": 0.1
        },
        "11": {
            "train_loss": 0.7075616851929696,
            "val_loss": 0.649647827734027,
            "lr": 0.1
        },
        "12": {
            "train_loss": 0.7001380218613532,
            "val_loss": 0.7218266620970609,
            "lr": 0.1
        },
        "13": {
            "train_loss": 0.6975924786060087,
            "val_loss": 0.7226574483670687,
            "lr": 0.1
        },
        "14": {
            "train_loss": 0.7005142300359665,
            "val_loss": 0.6693870665734274,
            "lr": 0.1
        },
        "15": {
            "train_loss": 0.697938677764708,
            "val_loss": 0.7026499279758387,
            "lr": 0.1
        },
        "16": {
            "train_loss": 0.6963190157567302,
            "val_loss": 0.6585495973888197,
            "lr": 0.1
        },
        "17": {
            "train_loss": 0.6965774374623452,
            "val_loss": 0.6650709656246921,
            "lr": 0.1
        },
        "18": {
            "train_loss": 0.6999905705451965,
            "val_loss": 0.6508922880155998,
            "lr": 0.1
        },
        "19": {
            "train_loss": 0.6969024365948092,
            "val_loss": 0.6344713568687439,
            "lr": 0.1
        },
        "20": {
            "train_loss": 0.7015604136451599,
            "val_loss": 0.6674304740470752,
            "lr": 0.1
        },
        "21": {
            "train_loss": 0.7010182449894566,
            "val_loss": 0.6780831719699659,
            "lr": 0.1
        },
        "22": {
            "train_loss": 0.6963852480534585,
            "val_loss": 0.7000193940965753,
            "lr": 0.1
        },
        "23": {
            "train_loss": 0.6968844504125656,
            "val_loss": 0.6636580281090319,
            "lr": 0.1
        },
        "24": {
            "train_loss": 0.6982333400557118,
            "val_loss": 0.7027818163235983,
            "lr": 0.1
        },
        "25": {
            "train_loss": 0.6968598711875177,
            "val_loss": 0.6796035693402875,
            "lr": 0.1
        },
        "26": {
            "train_loss": 0.6956569898513055,
            "val_loss": 0.7120634286027205,
            "lr": 0.1
        },
        "27": {
            "train_loss": 0.6965716846527592,
            "val_loss": 0.6458824893884492,
            "lr": 0.1
        },
        "28": {
            "train_loss": 0.6972431732762244,
            "val_loss": 0.6948486221464056,
            "lr": 0.1
        },
        "29": {
            "train_loss": 0.6973190182639707,
            "val_loss": 0.7107940703107599,
            "lr": 0.1
        },
        "30": {
            "train_loss": 0.6982094885841492,
            "val_loss": 0.7453375145008689,
            "lr": 0.1
        },
        "31": {
            "train_loss": 0.696972067317655,
            "val_loss": 0.6381074535219293,
            "lr": 0.1
        },
        "32": {
            "train_loss": 0.6968256235122681,
            "val_loss": 0.6958121448232416,
            "lr": 0.1
        },
        "33": {
            "train_loss": 0.6958636208888023,
            "val_loss": 0.7278293015664083,
            "lr": 0.1
        },
        "34": {
            "train_loss": 0.7003010867103454,
            "val_loss": 0.6976428763908252,
            "lr": 0.1
        },
        "35": {
            "train_loss": 0.6984446817828763,
            "val_loss": 0.6998559236526489,
            "lr": 0.1
        },
        "36": {
            "train_loss": 0.6956840397850159,
            "val_loss": 0.7323843345307467,
            "lr": 0.1
        },
        "37": {
            "train_loss": 0.6968995601900162,
            "val_loss": 0.7022154404405963,
            "lr": 0.1
        },
        "38": {
            "train_loss": 0.6959702401391922,
            "val_loss": 0.7050674620427584,
            "lr": 0.1
        },
        "39": {
            "train_loss": 0.6962763503674538,
            "val_loss": 0.6554650036912215,
            "lr": 0.1
        },
        "40": {
            "train_loss": 0.6959260923247184,
            "val_loss": 0.7110429082000465,
            "lr": 0.1
        },
        "41": {
            "train_loss": 0.6969305594121257,
            "val_loss": 0.6602737098409418,
            "lr": 0.1
        },
        "42": {
            "train_loss": 0.6962084587543241,
            "val_loss": 0.6828270930992929,
            "lr": 0.1
        },
        "43": {
            "train_loss": 0.6956902578953774,
            "val_loss": 0.6740196002157111,
            "lr": 0.1
        },
        "44": {
            "train_loss": 0.6984275742884605,
            "val_loss": 0.6604873987666348,
            "lr": 0.1
        },
        "45": {
            "train_loss": 0.6953108253017548,
            "val_loss": 0.7113712890106335,
            "lr": 0.1
        },
        "46": {
            "train_loss": 0.6966749131679535,
            "val_loss": 0.6995224471677813,
            "lr": 0.1
        },
        "47": {
            "train_loss": 0.6985402799421742,
            "val_loss": 0.665829789220241,
            "lr": 0.1
        },
        "48": {
            "train_loss": 0.6958832394692206,
            "val_loss": 0.6790374046877811,
            "lr": 0.1
        },
        "49": {
            "train_loss": 0.6940069275517617,
            "val_loss": 0.7189327342468396,
            "lr": 0.1
        },
        "50": {
            "train_loss": 0.6971986832157258,
            "val_loss": 0.6614566821801035,