{
    "metadata": {
        "model": "Net(\n  (conv1): Conv2d(1, 60, kernel_size=(5, 5), stride=(1, 1))\n  (bn1): BatchNorm2d(60, eps=1e-05, momentum=0.1, affine=True, track_running_stats=True)\n  (pool): MaxPool2d(kernel_size=2, stride=2, padding=0, dilation=1, ceil_mode=False)\n  (conv2): Conv2d(60, 160, kernel_size=(5, 5), stride=(1, 1))\n  (bn2): BatchNorm2d(160, eps=1e-05, momentum=0.1, affine=True, track_running_stats=True)\n  (conv3): Conv2d(160, 320, kernel_size=(3, 3), stride=(1, 1))\n  (bn3): BatchNorm2d(320, eps=1e-05, momentum=0.1, affine=True, track_running_stats=True)\n  (fc1): Linear(in_features=8000, out_features=120, bias=True)\n  (dropout1): Dropout(p=0.2, inplace=False)\n  (fc2): Linear(in_features=120, out_features=84, bias=True)\n  (dropout2): Dropout(p=0.3, inplace=False)\n  (fc3): Linear(in_features=84, out_features=10, bias=True)\n)",
        "freq_bins": 64,
        "time_steps": 64,
        "batch_size": 70,
        "optimizer": "SGD",
        "loss_function": "CrossEntropyLoss()",
        "num_epochs": 60
    },
    "data": {
        "1": {
            "train_loss": 1.9670525058623283,
            "val_loss": 1.3653771563580162,
            "lr": 0.0001
        },
        "2": {
            "train_loss": 1.1026596426963806,
            "val_loss": 0.8166686453317341,
            "lr": 0.0001
        },
        "3": {
            "train_loss": 0.8308094566868197,
            "val_loss": 0.7409905833110475,
            "lr": 0.0001
        },
        "4": {
            "train_loss": 0.7664759610929797,
            "val_loss": 0.6796024797255533,
            "lr": 0.0001
        },
        "5": {
            "train_loss": 0.7351261136993286,
            "val_loss": 0.6762679553868478,
            "lr": 0.0001
        },
        "6": {
            "train_loss": 0.7150051468803037,
            "val_loss": 0.6634220094011541,
            "lr": 0.0001
        },
        "7": {
            "train_loss": 0.681112298080998,
            "val_loss": 0.6392148273033008,
            "lr": 0.0001
        },
        "8": {
            "train_loss": 0.6605601118456933,
            "val_loss": 0.6503806119425255,
            "lr": 0.0001
        },
        "9": {
            "train_loss": 0.6327007710933685,
            "val_loss": 0.6313829118745369,
            "lr": 0.0001
        },
        "10": {
            "train_loss": 0.6183187029054088,
            "val_loss": 0.6217112875821298,
            "lr": 0.0001
        },
        "11": {
            "train_loss": 0.5951604977730782,
            "val_loss": 0.6173770950551618,
            "lr": 0.0001
        },
        "12": {
            "train_loss": 0.5789593487016617,
            "val_loss": 0.6170373255746406,
            "lr": 0.0001
        },
        "13": {
            "train_loss": 0.5672767090220605,
            "val_loss": 0.6131046937223066,
            "lr": 0.0001
        },
        "14": {
            "train_loss": 0.5399750889308991,
            "val_loss": 0.6185279828414583,
            "lr": 0.0001
        },
        "15": {
            "train_loss": 0.541706831224503,
            "val_loss": 0.6175940883787054,
            "lr": 0.0001
        },
        "16": {
            "train_loss": 0.5353545969532382,
            "val_loss": 0.5937525797308537,
            "lr": 0.0001
        },
        "17": {
            "train_loss": 0.5310347964686732,
            "val_loss": 0.5999940189353207,
            "lr": 0.0001
        },
        "18": {
            "train_loss": 0.522713083894022,
            "val_loss": 0.596357830783777,
            "lr": 0.0001
        },
        "19": {
            "train_loss": 0.5202081746632053,
            "val_loss": 0.613162721981082,
            "lr": 0.0001
        },
        "20": {
            "train_loss": 0.5076148048523934,
            "val_loss": 0.584984525776746,
            "lr": 0.0001
        },
        "21": {
            "train_loss": 0.5008246591014247,
            "val_loss": 0.5954278762403288,
            "lr": 0.0001
        },
        "22": {
            "train_loss": 0.49518744839775947,
            "val_loss": 0.5903250075746,
            "lr": 0.0001
        },
        "23": {
            "train_loss": 0.49965929215954197,
            "val_loss": 0.5913078181053463,
            "lr": 0.0001
        },
        "24": {
            "train_loss": 0.4894233985293296,
            "val_loss": 0.589231246134691,
            "lr": 0.0001
        },
        "25": {
            "train_loss": 0.4935742054254778,
            "val_loss": 0.5835198603178325,
            "lr": 0.0001
        },
        "26": {
            "train_loss": 0.48976848971459175,
            "val_loss": 0.5799114340752886,
            "lr": 0.0001
        },
        "27": {
            "train_loss": 0.4776650926759166,
            "val_loss": 0.5837502011604476,
            "lr": 0.0001
        },
        "28": {
            "train_loss": 0.4877357218534716,
            "val_loss": 0.5814588783602965,
            "lr": 0.0001
        },
        "29": {
            "train_loss": 0.48190718745031663,
            "val_loss": 0.5786497279217369,
            "lr": 0.0001
        },
        "30": {
            "train_loss": 0.47993325562246386,
            "val_loss": 0.5814726402362188,
            "lr": 0.0001
        },
        "31": {
            "train_loss": 0.47863957093607995,
            "val_loss": 0.5783125679743918,
            "lr": 0.0001
        },
        "32": {
            "train_loss": 0.4760902307687267,
            "val_loss": 0.5712788635701463,
            "lr": 0.0001
        },
        "33": {
            "train_loss": 0.4728096680295083,
            "val_loss": 0.5834628769703079,
            "lr": 0.0001
        },
        "34": {
            "train_loss": 0.4723662892656942,
            "val_loss": 0.5597554884458843,
            "lr": 0.0001
        },
        "35": {
            "train_loss": 0.46884841495944607,
            "val_loss": 0.568795680738332,
            "lr": 0.0001
        },
        "36": {
            "train_loss": 0.46698295781689303,
            "val_loss": 0.5570795826221767,
            "lr": 0.0001
        },
        "37": {
            "train_loss": 0.4690694957971573,
            "val_loss": 0.5444387006655074,
            "lr": 0.0001
        },
        "38": {
            "train_loss": 0.4686873737842806,
            "val_loss": 0.5606775341326731,
            "lr": 0.0001
        },
        "39": {
            "train_loss": 0.46345869620000163,
            "val_loss": 0.5720275593431372,
            "lr": 0.0001
        },
        "40": {
            "train_loss": 0.4500741973038643,
            "val_loss": 0.5479885439078013,
            "lr": 0.0001
        },
        "41": {
            "train_loss": 0.45733356620034865,
            "val_loss": 0.559731729982192,
            "lr": 0.0001
        },
        "42": {
            "train_loss": 0.4555731185020939,
            "val_loss": 0.5410810863239723,
            "lr": 0.0001
        },
        "43": {
            "train_loss": 0.4494424077772325,
            "val_loss": 0.5558616579101797,
            "lr": 0.0001
        },
        "44": {
            "train_loss": 0.4492960927947875,
            "val_loss": 0.5383897222447813,
            "lr": 0.0001
        },
        "45": {
            "train_loss": 0.4590079241221951,
            "val_loss": 0.5378820056978025,
            "lr": 0.0001
        },
        "46": {
            "train_loss": 0.45260477258313087,
            "val_loss": 0.540566303489501,
            "lr": 0.0001
        },
        "47": {
            "train_loss": 0.4573853251434142,
            "val_loss": 0.5381544321252588,
            "lr": 0.0001
        },
        "48": {
            "train_loss": 0.43444497642978547,
            "val_loss": 0.5308627763338256,
            "lr": 0.0001
        },
        "49": {
            "train_loss": 0.45000924698768124,
            "val_loss": 0.5256265109045464,