{
    "metadata": {
        "model": "Net(\n  (conv1): Conv2d(1, 60, kernel_size=(5, 5), stride=(1, 1))\n  (bn1): BatchNorm2d(60, eps=1e-05, momentum=0.1, affine=True, track_running_stats=True)\n  (pool): MaxPool2d(kernel_size=2, stride=2, padding=0, dilation=1, ceil_mode=False)\n  (conv2): Conv2d(60, 160, kernel_size=(5, 5), stride=(1, 1))\n  (bn2): BatchNorm2d(160, eps=1e-05, momentum=0.1, affine=True, track_running_stats=True)\n  (conv3): Conv2d(160, 320, kernel_size=(3, 3), stride=(1, 1))\n  (bn3): BatchNorm2d(320, eps=1e-05, momentum=0.1, affine=True, track_running_stats=True)\n  (fc1): Linear(in_features=8000, out_features=120, bias=True)\n  (dropout1): Dropout(p=0.2, inplace=False)\n  (fc2): Linear(in_features=120, out_features=84, bias=True)\n  (dropout2): Dropout(p=0.3, inplace=False)\n  (fc3): Linear(in_features=84, out_features=10, bias=True)\n)",
        "freq_bins": 64,
        "time_steps": 64,
        "batch_size": 70,
        "optimizer": "Adam",
        "loss_function": "CrossEntropyLoss()",
        "num_epochs": 60
    },
    "data": {
        "1": {
            "train_loss": 0.7682054172600469,
            "val_loss": 0.7537621458371481,
            "lr": 0.001
        },
        "2": {
            "train_loss": 0.5074976673049312,
            "val_loss": 0.6116966929352075,
            "lr": 0.001
        },
        "3": {
            "train_loss": 0.47772790395444437,
            "val_loss": 0.5676800284469337,
            "lr": 0.001
        },
        "4": {
            "train_loss": 0.4500697490669066,
            "val_loss": 0.5071275832883099,
            "lr": 0.001
        },
        "5": {
            "train_loss": 0.40252674106628666,
            "val_loss": 0.5117629908940249,
            "lr": 0.001
        },
        "6": {
            "train_loss": 0.3663987548601243,
            "val_loss": 0.4647938460111618,
            "lr": 0.001
        },
        "7": {
            "train_loss": 0.34006572731079593,
            "val_loss": 0.39605575891440375,
            "lr": 0.001
        },
        "8": {
            "train_loss": 0.32241207144914136,
            "val_loss": 0.4199711398728061,
            "lr": 0.001
        },
        "9": {
            "train_loss": 0.3033615019052259,
            "val_loss": 0.31270012916310835,
            "lr": 0.001
        },
        "10": {
            "train_loss": 0.3079084472790841,
            "val_loss": 0.33325005159304855,
            "lr": 0.001
        },
        "11": {
            "train_loss": 0.28800152482524993,
            "val_loss": 0.2987404274999311,
            "lr": 0.001
        },
        "12": {
            "train_loss": 0.27490577486253553,
            "val_loss": 0.32362575887849454,
            "lr": 0.001
        },
        "13": {
            "train_loss": 0.28431662172079086,
            "val_loss": 0.30077710538579705,
            "lr": 0.001
        },
        "14": {
            "train_loss": 0.2632965976672788,
            "val_loss": 0.3254027247690318,
            "lr": 0.001
        },
        "15": {
            "train_loss": 0.26576859960632937,
            "val_loss": 0.3472947738411134,
            "lr": 0.001
        },
        "16": {
            "train_loss": 0.2524435455279966,
            "val_loss": 0.28451886890750183,
            "lr": 0.001
        },
        "17": {
            "train_loss": 0.25610225960131616,
            "val_loss": 0.3009023618018418,
            "lr": 0.001
        },
        "18": {
            "train_loss": 0.24481482395241339,
            "val_loss": 0.29057874406377476,
            "lr": 0.001
        },
        "19": {
            "train_loss": 0.23154221306885442,
            "val_loss": 0.2693009684352498,
            "lr": 0.001
        },
        "20": {
            "train_loss": 0.24568420360165258,
            "val_loss": 0.2711536836598003,
            "lr": 0.001
        },
        "21": {
            "train_loss": 0.23526674412911938,
            "val_loss": 0.322307415666026,
            "lr": 0.001
        },
        "22": {
            "train_loss": 0.2418853960210277,
            "val_loss": 0.2863314106995076,
            "lr": 0.001
        },
        "23": {
            "train_loss": 0.242078343105893,
            "val_loss": 0.3653211079439835,
            "lr": 0.001
        },
        "24": {
            "train_loss": 0.2351038982310603,
            "val_loss": 0.28212295616405053,
            "lr": 0.001
        },
        "25": {
            "train_loss": 0.23163373011254496,
            "val_loss": 0.31529294990264534,
            "lr": 0.001
        },
        "26": {
            "train_loss": 0.23030445856913442,
            "val_loss": 0.31753223270112485,
            "lr": 0.001
        },
        "27": {
            "train_loss": 0.23690579206712783,
            "val_loss": 0.25605179287754654,
            "lr": 0.001
        },
        "28": {
            "train_loss": 0.22526820737027353,
            "val_loss": 0.30341627659978704,
            "lr": 0.001
        },
        "29": {
            "train_loss": 0.21199013172618805,
            "val_loss": 0.23364725885422608,
            "lr": 0.001
        },
        "30": {
            "train_loss": 0.2067267543846561,
            "val_loss": 0.23925637525686047,
            "lr": 0.001
        },
        "31": {
            "train_loss": 0.2165903530774578,
            "val_loss": 0.23243685890185206,
            "lr": 0.001
        },
        "32": {
            "train_loss": 0.21054315639118995,
            "val_loss": 0.2885359961931643,
            "lr": 0.001
        },
        "33": {
            "train_loss": 0.20270271683412214,
            "val_loss": 0.2634811510858861,
            "lr": 0.001
        },
        "34": {
            "train_loss": 0.19873502574140026,
            "val_loss": 0.2231962626571195,
            "lr": 0.001
        },
        "35": {
            "train_loss": 0.2061749235276253,
            "val_loss": 0.2391319738929732,
            "lr": 0.001
        },
        "36": {
            "train_loss": 0.22211793918282755,
            "val_loss": 0.21924986428858942,
            "lr": 0.001
        },
        "37": {
            "train_loss": 0.20018952808553173,
            "val_loss": 0.21149998733349012,
            "lr": 0.001
        },
        "38": {
            "train_loss": 0.18995700932798848,
            "val_loss": 0.3038499590270875,
            "lr": 0.001
        },
        "39": {
            "train_loss": 0.20172991447391048,
            "val_loss": 0.25815074583678915,
            "lr": 0.001
        },
        "40": {
            "train_loss": 0.21329486201847753,
            "val_loss": 0.31662147028142945,
            "lr": 0.001
        },
        "41": {
            "train_loss": 0.21167899403841264,
            "val_loss": 0.2540884068105043,
            "lr": 0.001
        },
        "42": {
            "train_loss": 0.20284964636929573,
            "val_loss": 0.22832338930222026,
            "lr": 0.001
        },
        "43": {
            "train_loss": 0.20215755592911475,
            "val_loss": 0.2437535059238016,
            "lr": 0.001
        },
        "44": {
            "train_loss": 0.20241661622158943,
            "val_loss": 0.24433720704748116,
            "lr": 0.001
        },
        "45": {
            "train_loss": 0.19133291315407522,
            "val_loss": 0.23187165566834442,
            "lr": 0.001
        },
        "46": {
            "train_loss": 0.19086412148129556,
            "val_loss": 0.2436682397883647,
            "lr": 0.001
        },
        "47": {
            "train_loss": 0.1928903148058922,
            "val_loss": 0.21195440059691145,
            "lr": 0.001
        },
        "48": {
            "train_loss": 0.1925159395942765,
            "val_loss": 0.20067453747329286,
            "lr": 0.001
        },
        "49": {
            "train_loss": 0.18811464489948365,
            "val_loss": 0.20889403405109128,